"","PLOT_ID","Hoja_arboles.x","INVENTORY_ID_IFN2","ID_sp1.x","ID_sp2.x","Precipitacion_Media_Anual.x","Temperatura_Media_Anual.x","Indice_Martonne.x","Indice_Martonne_1.x","Indice_Martonne_2.x","Indice_Martonne_3.x","Indice_Martonne_4.x","Anyo.x","T_IFN2","Proporcion_sp1.x","Proporcion_sp2.x","N_IFN2","N_sp1.x","N_sp2.x","N_muerto_IFN2","N_incorporado_IFN2","G_IFN2","G_sp1.x","G_sp2.x","g_max_sp1.x","g_max_sp2.x","g_min_sp1.x","g_min_sp2.x","g_media_sp1.x","g_media_sp2.x","G_muerta_IFN2","G_incorporada_IFN2","dbh_max_sp1.x","dbh_max_sp2.x","dbh_min_sp1.x","dbh_min_sp2.x","dbh_medio_sp1.x","dbh_medio_sp2.x","dg_IFN2","dg_sp1.x","dg_sp2.x","Do_IFN2","Do_sp1.x","Do_sp2.x","Seccion_dominante_IFN2","Seccion_Dominante_sp1.x","Seccion_Dominante_sp2.x","h_max_sp1.x","h_max_sp2.x","h_min_sp1.x","h_min_sp2.x","h_media_sp1.x","h_media_sp2.x","Ho_IFN2","Ho_sp1.x","Ho_sp2.x","d_copa_IFN2","d_medio_copa_sp1.x","d_medio_copa_sp2.x","Do_copa_IFN2","Do_copa_sp1.x","Do_copa_sp2.x","FCC_IFN2","FCC_sp1.x","FCC_sp2.x","Esbeltez_(hq/dq).x","Esbeltez_(h100/d100).x","SDI_IFN2","SDI_sp1.x","SDI_sp2.x","SDImax.x","SDImax_sp1.x","SDImax_sp2.x","Hart_IFN2","Hart_tresbolillo_IFN2","SI_IFN2","VOB_IFN2","VUB_IFN2","VBARK_IFN2","V_muerto_IFN2","V_incorporado_IFN2","V_sp1.x","Bole_V_sp1.x","Bark_V_sp1.x","V_sp2.x","Bole_V_sp2.x","Bark_V_sp2.x","V_sierra_gruesa_IFN2","V_sierra_IFN2","V_sierra_canter_IFN2","V_trituracion_IFN2","V_desenrollo_sp1.x","V_chapa_sp1.x","V_sierra_gruesa_sp1.x","V_sierra_sp1.x","V_sierra_canter_sp1.x","V_postes_sp1.x","V_estacas_sp1.x","V_trituracion_sp1.x","V_desenrollo_sp2.x","V_chapa_sp2.x","V_sierra_gruesa_sp2.x","V_sierra_sp2.x","V_sierra_canter_sp2.x","V_postes_sp2.x","V_estacas_sp2.x","V_trituracion_sp2.x","WSW_IFN2","WB2_t_IFN2","WTBL_IFN2","WR_IFN2","WT_IFN2","WT_muerta_IFN2","WT_incorporada_IFN2","WSW_sp1.x","WSB_sp1.x","WSWB_sp1.x","WTHICKB_sp1.x","WSTB_sp1.x","WB2_7_sp1.x","WB_2_T_sp1.x","WTHINB_sp1.x","WB05_sp1.x","WB05_7_sp1.x","WB0_2_sp1.x","WDB_sp1.x","WL_sp1.x","WTBL_sp1.x","WBL0_7_sp1.x","WR_sp1.x","WT_sp1.x","WSW_sp2.x","WSB_sp2.x","WSWB_sp2.x","WTHICKB_sp2.x","WSTB_sp2.x","WB2_7_sp2.x","WB_2_T_sp2.x","WTHINB_sp2.x","WB05_sp2.x","WB05_7_sp2.x","WB0_2_sp2.x","WDB_sp2.x","WL_sp2.x","WTBL_sp2.x","WBL0_7_sp2.x","WR_sp2.x","WT_sp2.x","W_descorchado.x","V_descorchado.x","ID_escenario","Hoja_arboles.y","INVENTORY_ID_IFN3","ID_sp1.y","ID_sp2.y","Precipitacion_Media_Anual.y","Temperatura_Media_Anual.y","Indice_Martonne.y","Indice_Martonne_1.y","Indice_Martonne_2.y","Indice_Martonne_3.y","Indice_Martonne_4.y","Anyo.y","T_IFN3","Proporcion_sp1.y","Proporcion_sp2.y","N_IFN3","N_sp1.y","N_sp2.y","N_muerto_IFN3.x","N_incorporado_IFN3.x","G_IFN3","G_sp1.y","G_sp2.y","g_max_sp1.y","g_max_sp2.y","g_min_sp1.y","g_min_sp2.y","g_media_sp1.y","g_media_sp2.y","G_muerta_IFN3.x","G_incorporada_IFN3.x","dbh_max_sp1.y","dbh_max_sp2.y","dbh_min_sp1.y","dbh_min_sp2.y","dbh_medio_sp1.y","dbh_medio_sp2.y","dg_IFN3","dg_sp1.y","dg_sp2.y","Do_IFN3","Do_sp1.y","Do_sp2.y","Seccion_dominante_IFN3","Seccion_Dominante_sp1.y","Seccion_Dominante_sp2.y","h_max_sp1.y","h_max_sp2.y","h_min_sp1.y","h_min_sp2.y","h_media_sp1.y","h_media_sp2.y","Ho_IFN3","Ho_sp1.y","Ho_sp2.y","d_copa_IFN3","d_medio_copa_sp1.y","d_medio_copa_sp2.y","Do_copa_IFN3","Do_copa_sp1.y","Do_copa_sp2.y","FCC_IFN3","FCC_sp1.y","FCC_sp2.y","Esbeltez_(hq/dq).y","Esbeltez_(h100/d100).y","SDI_IFN3","SDI_sp1.y","SDI_sp2.y","SDImax.y","SDImax_sp1.y","SDImax_sp2.y","Hart_IFN3","Hart_tresbolillo_IFN3","SI_IFN3","VOB_IFN3","VUB_IFN3","VBARK_IFN3","V_muerto_IFN3.x","V_incorporado_IFN3.x","V_sp1.y","Bole_V_sp1.y","Bark_V_sp1.y","V_sp2.y","Bole_V_sp2.y","Bark_V_sp2.y","V_sierra_gruesa_IFN3","V_sierra_IFN3","V_sierra_canter_IFN3","V_trituracion_IFN3","V_desenrollo_sp1.y","V_chapa_sp1.y","V_sierra_gruesa_sp1.y","V_sierra_sp1.y","V_sierra_canter_sp1.y","V_postes_sp1.y","V_estacas_sp1.y","V_trituracion_sp1.y","V_desenrollo_sp2.y","V_chapa_sp2.y","V_sierra_gruesa_sp2.y","V_sierra_sp2.y","V_sierra_canter_sp2.y","V_postes_sp2.y","V_estacas_sp2.y","V_trituracion_sp2.y","WSW_IFN3","WB2_t_IFN3","WTBL_IFN3","WR_IFN3","WT_IFN3","WT_muerta_IFN3.x","WT_incorporada_IFN3.x","WSW_sp1.y","WSB_sp1.y","WSWB_sp1.y","WTHICKB_sp1.y","WSTB_sp1.y","WB2_7_sp1.y","WB_2_T_sp1.y","WTHINB_sp1.y","WB05_sp1.y","WB05_7_sp1.y","WB0_2_sp1.y","WDB_sp1.y","WL_sp1.y","WTBL_sp1.y","WBL0_7_sp1.y","WR_sp1.y","WT_sp1.y","WSW_sp2.y","WSB_sp2.y","WSWB_sp2.y","WTHICKB_sp2.y","WSTB_sp2.y","WB2_7_sp2.y","WB_2_T_sp2.y","WTHINB_sp2.y","WB05_sp2.y","WB05_7_sp2.y","WB0_2_sp2.y","WDB_sp2.y","WL_sp2.y","WTBL_sp2.y","WBL0_7_sp2.y","WR_sp2.y","WT_sp2.y","W_descorchado.y","V_descorchado.y","G_incorporada_IFN3.y","N_incorporado_IFN3.y","V_incorporado_IFN3.y","WT_incorporada_IFN3.y","G_cortada_IFN3","N_cortado_IFN3","V_cortado_IFN3","WT_cortada_IFN3","G_muerta_IFN3.y","N_muerto_IFN3.y","V_muerto_IFN3.y","WT_muerta_IFN3.y"
"1","16_2992","Nodo 3 - Pies inventariados","IFN2",NA,NA,397.3,NA,17.27,NA,NA,NA,NA,NA,20,NA,NA,51.07,NA,NA,0,0,3.82,NA,NA,NA,NA,NA,NA,NA,NA,NA,0,NA,NA,NA,NA,NA,NA,30.86,NA,NA,30.36,NA,NA,747.77,NA,NA,NA,NA,NA,NA,NA,NA,10.88,NA,NA,4.6,NA,NA,4.63,NA,NA,0.08,NA,NA,35.83,35.83,76.33,NA,NA,980.07,NA,NA,128.65,138.24,27.76,14.98,10.19,4.79,0,0,NA,NA,NA,NA,NA,NA,0,2.67,8.83,13.99,NA,NA,NA,NA,NA,NA,NA,NA,NA,NA,NA,NA,NA,NA,NA,NA,6.92,0.7,1.47,2.6,11.68,NA,0,NA,NA,NA,NA,NA,NA,NA,NA,NA,NA,NA,NA,NA,NA,NA,NA,NA,NA,NA,NA,NA,NA,NA,NA,NA,NA,NA,NA,NA,NA,NA,NA,NA,NA,NA,NA,"Nodo 1 - Pies inventariados",25,"IFN3",NA,NA,NA,NA,NA,NA,NA,NA,NA,NA,20,NA,NA,178.4,NA,NA,0,0,3.09,NA,NA,NA,NA,NA,NA,NA,NA,NA,NA,NA,NA,NA,NA,NA,NA,14.86,NA,NA,15.72,NA,NA,260.05,NA,NA,NA,NA,NA,NA,NA,NA,6.29,NA,NA,3.17,NA,NA,3.22,NA,NA,0.04,NA,NA,39.75,40.04,76.44,NA,NA,NA,NA,NA,118.98,127.85,16.85,6.1,4.04,2.06,NA,NA,NA,NA,NA,NA,NA,NA,0,0,2.48,5.58,NA,NA,NA,NA,NA,NA,NA,NA,NA,NA,NA,NA,NA,NA,NA,NA,2.8,0.22,0.61,0.92,4.55,NA,NA,NA,NA,NA,NA,NA,NA,NA,NA,NA,NA,NA,NA,NA,NA,NA,NA,NA,NA,NA,NA,NA,NA,NA,NA,NA,NA,NA,NA,NA,NA,NA,NA,NA,NA,NA,NA,0.80097012,127.32,0,0,NA,NA,NA,NA,NA,NA,NA,NA
"2","19_1047","Nodo 3 - Pies inventariados","IFN2",NA,NA,284.7,NA,11.96,NA,NA,NA,NA,NA,35,NA,NA,1015.05,NA,NA,0,0,30.61,NA,NA,NA,NA,NA,NA,NA,NA,NA,0,NA,NA,NA,NA,NA,NA,19.59,NA,NA,26.3,NA,NA,549.99,NA,NA,NA,NA,NA,NA,NA,NA,8.75,NA,NA,2.92,NA,NA,2.97,NA,NA,0.7,NA,NA,42.68,33.26,640.35,NA,NA,869.38,NA,NA,35.88,38.56,16.89,118.8,78.21,40.59,0,0,NA,NA,NA,NA,NA,NA,0,0,41.09,107.1,NA,NA,NA,NA,NA,NA,NA,NA,NA,NA,NA,NA,NA,NA,NA,NA,56.43,4.68,13.17,19.59,93.88,NA,0,NA,NA,NA,NA,NA,NA,NA,NA,NA,NA,NA,NA,NA,NA,NA,NA,NA,NA,NA,NA,NA,NA,NA,NA,NA,NA,NA,NA,NA,NA,NA,NA,NA,NA,NA,NA,"Nodo 1 - Pies inventariados",25,"IFN3",NA,NA,NA,NA,NA,NA,NA,NA,NA,NA,35,NA,NA,657.84,NA,NA,0,0,18.72,NA,NA,NA,NA,NA,NA,NA,NA,NA,NA,NA,NA,NA,NA,NA,NA,19.03,NA,NA,25.68,NA,NA,525.83,NA,NA,NA,NA,NA,NA,NA,NA,8.54,NA,NA,2.91,NA,NA,2.96,NA,NA,0.45,NA,NA,39.03,33.25,421.94,NA,NA,NA,NA,NA,45.66,49.06,16.08,66.59,43.73,22.86,NA,NA,NA,NA,NA,NA,NA,NA,0,0,14.2,59.84,NA,NA,NA,NA,NA,NA,NA,NA,NA,NA,NA,NA,NA,NA,NA,NA,32.58,2.81,8.01,11.82,55.22,NA,NA,NA,NA,NA,NA,NA,NA,NA,NA,NA,NA,NA,NA,NA,NA,NA,NA,NA,NA,NA,NA,NA,NA,NA,NA,NA,NA,NA,NA,NA,NA,NA,NA,NA,NA,NA,NA,4.42772865,187.45,15.2922489,12.4180695,0,0,0,0,NA,NA,NA,NA
"3","19_1051","Nodo 3 - Pies inventariados","IFN2",NA,NA,284.7,NA,11.96,NA,NA,NA,NA,NA,30,NA,NA,537.59,NA,NA,0,0,20.76,NA,NA,NA,NA,NA,NA,NA,NA,NA,0,NA,NA,NA,NA,NA,NA,22.17,NA,NA,26.76,NA,NA,564.99,NA,NA,NA,NA,NA,NA,NA,NA,8.66,NA,NA,3.39,NA,NA,3.42,NA,NA,0.49,NA,NA,36.92,32.35,428.41,NA,NA,869.38,NA,NA,49.82,53.54,19.14,79.54,52.79,26.75,0,0,NA,NA,NA,NA,NA,NA,0,0,38.53,72.66,NA,NA,NA,NA,NA,NA,NA,NA,NA,NA,NA,NA,NA,NA,NA,NA,38.65,3.57,9.25,14.45,65.92,NA,0,NA,NA,NA,NA,NA,NA,NA,NA,NA,NA,NA,NA,NA,NA,NA,NA,NA,NA,NA,NA,NA,NA,NA,NA,NA,NA,NA,NA,NA,NA,NA,NA,NA,NA,NA,NA,"Nodo 1 - Pies inventariados",25,"IFN3",NA,NA,NA,NA,NA,NA,NA,NA,NA,NA,30,NA,NA,481,NA,NA,0,0,15.98,NA,NA,NA,NA,NA,NA,NA,NA,NA,NA,NA,NA,NA,NA,NA,NA,20.57,NA,NA,25.56,NA,NA,516.25,NA,NA,NA,NA,NA,NA,NA,NA,8.65,NA,NA,3.18,NA,NA,3.22,NA,NA,0.39,NA,NA,34.34,33.86,349.95,NA,NA,NA,NA,NA,52.7,56.63,17.26,55.06,36.35,18.71,NA,NA,NA,NA,NA,NA,NA,NA,0,0,23.78,49.21,NA,NA,NA,NA,NA,NA,NA,NA,NA,NA,NA,NA,NA,NA,NA,NA,27.52,2.58,6.98,10.62,47.7,NA,NA,NA,NA,NA,NA,NA,NA,NA,NA,NA,NA,NA,NA,NA,NA,NA,NA,NA,NA,NA,NA,NA,NA,NA,NA,NA,NA,NA,NA,NA,NA,NA,NA,NA,NA,NA,NA,3.3719369,106.11,13.1554819,10.829103,0,0,0,0,NA,NA,NA,NA
"4","19_1052","Nodo 3 - Pies inventariados","IFN2",NA,NA,284.7,NA,11.96,NA,NA,NA,NA,NA,35,NA,NA,1810.83,NA,NA,0,0,45.16,NA,NA,NA,NA,NA,NA,NA,NA,NA,0,NA,NA,NA,NA,NA,NA,17.82,NA,NA,26.45,NA,NA,551.86,NA,NA,NA,NA,NA,NA,NA,NA,9.32,NA,NA,2.57,NA,NA,2.64,NA,NA,0.99,NA,NA,42.93,35.25,954.52,NA,NA,869.38,NA,NA,25.2,27.08,18.16,168.84,110.7,58.14,0,0,NA,NA,NA,NA,NA,NA,0,0,48.39,151.98,NA,NA,NA,NA,NA,NA,NA,NA,NA,NA,NA,NA,NA,NA,NA,NA,80.44,6.42,19,27.41,133.28,NA,0,NA,NA,NA,NA,NA,NA,NA,NA,NA,NA,NA,NA,NA,NA,NA,NA,NA,NA,NA,NA,NA,NA,NA,NA,NA,NA,NA,NA,NA,NA,NA,NA,NA,NA,NA,NA,"Nodo 1 - Pies inventariados",25,"IFN3",NA,NA,NA,NA,NA,NA,NA,NA,NA,NA,35,NA,NA,1145.92,NA,NA,0,0,25.86,NA,NA,NA,NA,NA,NA,NA,NA,NA,NA,NA,NA,NA,NA,NA,NA,16.95,NA,NA,25.95,NA,NA,536.95,NA,NA,NA,NA,NA,NA,NA,NA,7.71,NA,NA,2.48,NA,NA,2.62,NA,NA,0.62,NA,NA,37.51,29.7,608.51,NA,NA,NA,NA,NA,38.34,41.19,15.17,81.08,52.98,28.11,NA,NA,NA,NA,NA,NA,NA,NA,0,2.51,27.15,71.32,NA,NA,NA,NA,NA,NA,NA,NA,NA,NA,NA,NA,NA,NA,NA,NA,41.24,3.77,10.91,15.89,71.8,NA,NA,NA,NA,NA,NA,NA,NA,NA,NA,NA,NA,NA,NA,NA,NA,NA,NA,NA,NA,NA,NA,NA,NA,NA,NA,NA,NA,NA,NA,NA,NA,NA,NA,NA,NA,NA,NA,4.64611932,201.6,13.758169,12.4377362,0,0,0,0,NA,NA,NA,NA
"5","19_1062","Nodo 3 - Pies inventariados","IFN2",NA,NA,284.7,NA,11.96,NA,NA,NA,NA,NA,30,NA,NA,1018.59,NA,NA,0,0,23.71,NA,NA,NA,NA,NA,NA,NA,NA,NA,0,NA,NA,NA,NA,NA,NA,17.21,NA,NA,22.88,NA,NA,411.96,NA,NA,NA,NA,NA,NA,NA,NA,9.23,NA,NA,2.6,NA,NA,2.65,NA,NA,0.56,NA,NA,44.79,40.35,502.98,NA,NA,869.38,NA,NA,33.94,36.47,19.44,88.41,57.71,30.7,0,0,NA,NA,NA,NA,NA,NA,0,0,24.92,79.39,NA,NA,NA,NA,NA,NA,NA,NA,NA,NA,NA,NA,NA,NA,NA,NA,41.82,3.16,9.81,13.77,68.56,NA,0,NA,NA,NA,NA,NA,NA,NA,NA,NA,NA,NA,NA,NA,NA,NA,NA,NA,NA,NA,NA,NA,NA,NA,NA,NA,NA,NA,NA,NA,NA,NA,NA,NA,NA,NA,NA,"Nodo 1 - Pies inventariados",25,"IFN3",NA,NA,NA,NA,NA,NA,NA,NA,NA,NA,30,NA,NA,622.47,NA,NA,0,0,17.83,NA,NA,NA,NA,NA,NA,NA,NA,NA,NA,NA,NA,NA,NA,NA,NA,19.09,NA,NA,25.05,NA,NA,493.12,NA,NA,NA,NA,NA,NA,NA,NA,8.4,NA,NA,2.92,NA,NA,2.97,NA,NA,0.43,NA,NA,39.34,33.53,401.32,NA,NA,NA,NA,NA,47.73,51.29,17.47,64.04,42.06,21.98,NA,NA,NA,NA,NA,NA,NA,NA,0,0,18.46,57.37,NA,NA,NA,NA,NA,NA,NA,NA,NA,NA,NA,NA,NA,NA,NA,NA,31.22,2.66,7.62,11.23,52.74,NA,NA,NA,NA,NA,NA,NA,NA,NA,NA,NA,NA,NA,NA,NA,NA,NA,NA,NA,NA,NA,NA,NA,NA,NA,NA,NA,NA,NA,NA,NA,NA,NA,NA,NA,NA,NA,NA,10.1691498,392.58,36.0172099,29.3477763,0,0,0,0,NA,NA,NA,NA
"6","19_1064","Nodo 3 - Pies inventariados","IFN2",NA,NA,284.7,NA,11.96,NA,NA,NA,NA,NA,35,NA,NA,1015.05,NA,NA,0,0,35.39,NA,NA,NA,NA,NA,NA,NA,NA,NA,0,NA,NA,NA,NA,NA,NA,21.07,NA,NA,26.43,NA,NA,550.59,NA,NA,NA,NA,NA,NA,NA,NA,9.75,NA,NA,3.08,NA,NA,3.14,NA,NA,0.78,NA,NA,43.76,36.89,734.59,NA,NA,869.38,NA,NA,32.19,34.59,18.33,153.52,101.94,51.58,0,0,NA,NA,NA,NA,NA,NA,0,0,74.25,140.55,NA,NA,NA,NA,NA,NA,NA,NA,NA,NA,NA,NA,NA,NA,NA,NA,70.89,5.86,15.59,23.99,116.32,NA,0,NA,NA,NA,NA,NA,NA,NA,NA,NA,NA,NA,NA,NA,NA,NA,NA,NA,NA,NA,NA,NA,NA,NA,NA,NA,NA,NA,NA,NA,NA,NA,NA,NA,NA,NA,NA,"Nodo 1 - Pies inventariados",25,"IFN3",NA,NA,NA,NA,NA,NA,NA,NA,NA,NA,35,NA,NA,495.15,NA,NA,0,0,16.2,NA,NA,NA,NA,NA,NA,NA,NA,NA,NA,NA,NA,NA,NA,NA,NA,20.41,NA,NA,26.88,NA,NA,571.22,NA,NA,NA,NA,NA,NA,NA,NA,10.5,NA,NA,3.52,NA,NA,3.57,NA,NA,0.37,NA,NA,45.85,39.07,355.76,NA,NA,NA,NA,NA,42.8,45.99,18.31,72.77,48.73,24.04,NA,NA,NA,NA,NA,NA,NA,NA,0,2.27,43.14,67.53,NA,NA,NA,NA,NA,NA,NA,NA,NA,NA,NA,NA,NA,NA,NA,NA,33.25,2.89,7.1,11.44,54.68,NA,NA,NA,NA,NA,NA,NA,NA,NA,NA,NA,NA,NA,NA,NA,NA,NA,NA,NA,NA,NA,NA,NA,NA,NA,NA,NA,NA,NA,NA,NA,NA,NA,NA,NA,NA,NA,NA,8.2724509,318.33,35.5788436,26.6098205,0,0,0,0,NA,NA,NA,NA
"7","19_1065","Nodo 3 - Pies inventariados","IFN2",NA,NA,284.7,NA,11.96,NA,NA,NA,NA,NA,30,NA,NA,763.94,NA,NA,0,0,13.63,NA,NA,NA,NA,NA,NA,NA,NA,NA,0,NA,NA,NA,NA,NA,NA,15.07,NA,NA,21.13,NA,NA,352.46,NA,NA,NA,NA,NA,NA,NA,NA,9.73,NA,NA,2.73,NA,NA,2.75,NA,NA,0.28,NA,NA,52.97,46.04,293.46,NA,NA,869.38,NA,NA,37.19,39.96,19.44,51.76,33.92,17.84,0,0,NA,NA,NA,NA,NA,NA,0,0,17.01,47.2,NA,NA,NA,NA,NA,NA,NA,NA,NA,NA,NA,NA,NA,NA,NA,NA,23.08,1.57,4.88,6.86,36.39,NA,0,NA,NA,NA,NA,NA,NA,NA,NA,NA,NA,NA,NA,NA,NA,NA,NA,NA,NA,NA,NA,NA,NA,NA,NA,NA,NA,NA,NA,NA,NA,NA,NA,NA,NA,NA,NA,"Nodo 1 - Pies inventariados",25,"IFN3",NA,NA,NA,NA,NA,NA,NA,NA,NA,NA,30,NA,NA,1641.06,NA,NA,0,0,27.32,NA,NA,NA,NA,NA,NA,NA,NA,NA,NA,NA,NA,NA,NA,NA,NA,14.56,NA,NA,25.31,NA,NA,505.31,NA,NA,NA,NA,NA,NA,NA,NA,11.28,NA,NA,2.38,NA,NA,2.53,NA,NA,0.52,NA,NA,53.24,44.56,680.16,NA,NA,NA,NA,NA,21.89,23.52,20.87,104.11,68.63,35.48,NA,NA,NA,NA,NA,NA,NA,NA,0,0,44.37,94.45,NA,NA,NA,NA,NA,NA,NA,NA,NA,NA,NA,NA,NA,NA,NA,NA,46.22,3.31,9.65,14.03,73.22,NA,NA,NA,NA,NA,NA,NA,NA,NA,NA,NA,NA,NA,NA,NA,NA,NA,NA,NA,NA,NA,NA,NA,NA,NA,NA,NA,NA,NA,NA,NA,NA,NA,NA,NA,NA,NA,NA,17.88565586,1135.29,71.4777127,49.9619549,0,0,0,0,NA,NA,NA,NA
"8","19_1067","Nodo 3 - Pies inventariados","IFN2",NA,NA,284.7,NA,11.96,NA,NA,NA,NA,NA,35,NA,NA,1432.39,NA,NA,0,0,36.23,NA,NA,NA,NA,NA,NA,NA,NA,NA,0,NA,NA,NA,NA,NA,NA,17.95,NA,NA,24.81,NA,NA,485.68,NA,NA,NA,NA,NA,NA,NA,NA,8.54,NA,NA,2.66,NA,NA,2.71,NA,NA,0.82,NA,NA,41.29,34.43,765.24,NA,NA,869.38,NA,NA,30.93,33.24,16.8,128.38,83.9,44.49,0,0,NA,NA,NA,NA,NA,NA,0,0,37.31,114.72,NA,NA,NA,NA,NA,NA,NA,NA,NA,NA,NA,NA,NA,NA,NA,NA,62.22,5.03,15.18,21.67,104.09,NA,0,NA,NA,NA,NA,NA,NA,NA,NA,NA,NA,NA,NA,NA,NA,NA,NA,NA,NA,NA,NA,NA,NA,NA,NA,NA,NA,NA,NA,NA,NA,NA,NA,NA,NA,NA,NA,"Nodo 1 - Pies inventariados",25,"IFN3",NA,NA,NA,NA,NA,NA,NA,NA,NA,NA,35,NA,NA,541.13,NA,NA,0,0,18.48,NA,NA,NA,NA,NA,NA,NA,NA,NA,NA,NA,NA,NA,NA,NA,NA,20.85,NA,NA,24.84,NA,NA,485.5,NA,NA,NA,NA,NA,NA,NA,NA,8,NA,NA,3.21,NA,NA,3.25,NA,NA,0.45,NA,NA,35.41,32.23,402.64,NA,NA,NA,NA,NA,53.7,57.71,15.54,64.5,42.55,21.96,NA,NA,NA,NA,NA,NA,NA,NA,0,0,29.84,58.29,NA,NA,NA,NA,NA,NA,NA,NA,NA,NA,NA,NA,NA,NA,NA,NA,32.15,2.98,8.09,12.31,55.53,NA,NA,NA,NA,NA,NA,NA,NA,NA,NA,NA,NA,NA,NA,NA,NA,NA,NA,NA,NA,NA,NA,NA,NA,NA,NA,NA,NA,NA,NA,NA,NA,NA,NA,NA,NA,NA,NA,4.82697839,134.41,17.3430484,15.0213942,0,0,0,0,NA,NA,NA,NA
"9","19_1074","Nodo 3 - Pies inventariados","IFN2",NA,NA,284.7,NA,11.96,NA,NA,NA,NA,NA,30,NA,NA,477.46,NA,NA,0,0,13.73,NA,NA,NA,NA,NA,NA,NA,NA,NA,0,NA,NA,NA,NA,NA,NA,19.13,NA,NA,23.5,NA,NA,435.21,NA,NA,NA,NA,NA,NA,NA,NA,7.02,NA,NA,2.98,NA,NA,3.03,NA,NA,0.35,NA,NA,33.92,29.88,287.96,NA,NA,869.38,NA,NA,65.17,70.02,16.32,42.56,27.86,14.71,0,0,NA,NA,NA,NA,NA,NA,0,0,14.38,37.86,NA,NA,NA,NA,NA,NA,NA,NA,NA,NA,NA,NA,NA,NA,NA,NA,21.87,2.05,5.87,8.64,38.44,NA,0,NA,NA,NA,NA,NA,NA,NA,NA,NA,NA,NA,NA,NA,NA,NA,NA,NA,NA,NA,NA,NA,NA,NA,NA,NA,NA,NA,NA,NA,NA,NA,NA,NA,NA,NA,NA,"Nodo 1 - Pies inventariados",25,"IFN3",NA,NA,NA,NA,NA,NA,NA,NA,NA,NA,30,NA,NA,717.97,NA,NA,0,0,21.46,NA,NA,NA,NA,NA,NA,NA,NA,NA,NA,NA,NA,NA,NA,NA,NA,19.51,NA,NA,24.81,NA,NA,485.86,NA,NA,NA,NA,NA,NA,NA,NA,7.51,NA,NA,3,NA,NA,3.04,NA,NA,0.52,NA,NA,32.82,30.27,479.36,NA,NA,NA,NA,NA,49.7,53.41,16.28,66.21,43.38,22.83,NA,NA,NA,NA,NA,NA,NA,NA,0,0,18.15,58.21,NA,NA,NA,NA,NA,NA,NA,NA,NA,NA,NA,NA,NA,NA,NA,NA,34.17,3.24,9.22,13.64,60.27,NA,NA,NA,NA,NA,NA,NA,NA,NA,NA,NA,NA,NA,NA,NA,NA,NA,NA,NA,NA,NA,NA,NA,NA,NA,NA,NA,NA,NA,NA,NA,NA,NA,NA,NA,NA,NA,NA,10.78106303,389.05,33.4389841,29.9619161,NA,NA,NA,NA,NA,NA,NA,NA
"10","19_2185","Nodo 3 - Pies inventariados","IFN2",NA,NA,284.7,NA,11.96,NA,NA,NA,NA,NA,21,NA,NA,509.3,NA,NA,0,0,9.46,NA,NA,NA,NA,NA,NA,NA,NA,NA,0,NA,NA,NA,NA,NA,NA,15.38,NA,NA,15.62,NA,NA,191.52,NA,NA,NA,NA,NA,NA,NA,NA,7.13,NA,NA,2.46,NA,NA,2.46,NA,NA,0.24,NA,NA,45.15,45.69,203.18,NA,NA,869.38,NA,NA,62.11,66.74,21.05,31.64,20.35,11.29,0,0,NA,NA,NA,NA,NA,NA,0,0,0,27.61,NA,NA,NA,NA,NA,NA,NA,NA,NA,NA,NA,NA,NA,NA,NA,NA,15.2,1.04,3.73,4.82,24.78,NA,0,NA,NA,NA,NA,NA,NA,NA,NA,NA,NA,NA,NA,NA,NA,NA,NA,NA,NA,NA,NA,NA,NA,NA,NA,NA,NA,NA,NA,NA,NA,NA,NA,NA,NA,NA,NA,"Nodo 1 - Pies inventariados",25,"IFN3",NA,NA,NA,NA,NA,NA,NA,NA,NA,NA,20,NA,NA,222.82,NA,NA,0,0,2.83,NA,NA,NA,NA,NA,NA,NA,NA,NA,NA,NA,NA,NA,NA,NA,NA,12.72,NA,NA,13.26,NA,NA,138.18,NA,NA,NA,NA,NA,NA,NA,NA,6.78,NA,NA,2.1,NA,NA,2.1,NA,NA,0.08,NA,NA,53.56,51.13,74.16,NA,NA,NA,NA,NA,98.8,106.17,19.52,9.41,5.97,3.44,NA,NA,NA,NA,NA,NA,NA,NA,0,0,0,8.18,NA,NA,NA,NA,NA,NA,NA,NA,NA,NA,NA,NA,NA,NA,NA,NA,4.4,0.25,1.05,1.24,6.94,NA,NA,NA,NA,NA,NA,NA,NA,NA,NA,NA,NA,NA,NA,NA,NA,NA,NA,NA,NA,NA,NA,NA,NA,NA,NA,NA,NA,NA,NA,NA,NA,NA,NA,NA,NA,NA,NA,NA,NA,NA,NA,NA,NA,NA,NA,NA,NA,NA,NA
"11","19_2197","Nodo 3 - Pies inventariados","IFN2",NA,NA,284.7,NA,11.96,NA,NA,NA,NA,NA,31,NA,NA,226.35,NA,NA,0,0,14.41,NA,NA,NA,NA,NA,NA,NA,NA,NA,0,NA,NA,NA,NA,NA,NA,28.47,NA,NA,31.92,NA,NA,802.1,NA,NA,NA,NA,NA,NA,NA,NA,9.66,NA,NA,4.35,NA,NA,4.41,NA,NA,0.35,NA,NA,33.17,30.25,289.46,NA,NA,869.38,NA,NA,68.82,73.95,19.99,62.76,42.57,20.18,0,0,NA,NA,NA,NA,NA,NA,0,12.39,32.15,58.13,NA,NA,NA,NA,NA,NA,NA,NA,NA,NA,NA,NA,NA,NA,NA,NA,30.28,3.31,6.97,12.33,52.89,NA,0,NA,NA,NA,NA,NA,NA,NA,NA,NA,NA,NA,NA,NA,NA,NA,NA,NA,NA,NA,NA,NA,NA,NA,NA,NA,NA,NA,NA,NA,NA,NA,NA,NA,NA,NA,NA,"Nodo 1 - Pies inventariados",25,"IFN3",NA,NA,NA,NA,NA,NA,NA,NA,NA,NA,30,NA,NA,173.3,NA,NA,0,0,10.53,NA,NA,NA,NA,NA,NA,NA,NA,NA,NA,NA,NA,NA,NA,NA,NA,27.82,NA,NA,31.25,NA,NA,769.41,NA,NA,NA,NA,NA,NA,NA,NA,9.63,NA,NA,4.28,NA,NA,4.36,NA,NA,0.26,NA,NA,31.93,30.83,206.21,NA,NA,NA,NA,NA,78.86,84.74,18.91,44.24,29.99,14.25,NA,NA,NA,NA,NA,NA,NA,NA,0,10.04,20.73,40.88,NA,NA,NA,NA,NA,NA,NA,NA,NA,NA,NA,NA,NA,NA,NA,NA,21.63,2.41,5.08,8.97,38.09,NA,NA,NA,NA,NA,NA,NA,NA,NA,NA,NA,NA,NA,NA,NA,NA,NA,NA,NA,NA,NA,NA,NA,NA,NA,NA,NA,NA,NA,NA,NA,NA,NA,NA,NA,NA,NA,NA,NA,NA,NA,NA,NA,NA,NA,NA,NA,NA,NA,NA
"12","19_2200","Nodo 3 - Pies inventariados","IFN2",NA,NA,284.7,NA,11.96,NA,NA,NA,NA,NA,21,NA,NA,732.11,NA,NA,0,0,17.13,NA,NA,NA,NA,NA,NA,NA,NA,NA,0,NA,NA,NA,NA,NA,NA,17.26,NA,NA,21.89,NA,NA,378.67,NA,NA,NA,NA,NA,NA,NA,NA,8.74,NA,NA,2.66,NA,NA,2.7,NA,NA,0.42,NA,NA,40.57,39.93,363.43,NA,NA,869.38,NA,NA,42.27,45.43,24.44,59.28,38.64,20.63,0,0,NA,NA,NA,NA,NA,NA,0,0,15.97,53.09,NA,NA,NA,NA,NA,NA,NA,NA,NA,NA,NA,NA,NA,NA,NA,NA,28.78,2.27,7.08,9.9,48.03,NA,0,NA,NA,NA,NA,NA,NA,NA,NA,NA,NA,NA,NA,NA,NA,NA,NA,NA,NA,NA,NA,NA,NA,NA,NA,NA,NA,NA,NA,NA,NA,NA,NA,NA,NA,NA,NA,"Nodo 1 - Pies inventariados",25,"IFN3",NA,NA,NA,NA,NA,NA,NA,NA,NA,NA,20,NA,NA,523.44,NA,NA,0,0,9.77,NA,NA,NA,NA,NA,NA,NA,NA,NA,NA,NA,NA,NA,NA,NA,NA,15.42,NA,NA,19.95,NA,NA,313.84,NA,NA,NA,NA,NA,NA,NA,NA,9.92,NA,NA,2.36,NA,NA,2.42,NA,NA,0.24,NA,NA,58.07,49.74,238.12,NA,NA,NA,NA,NA,44.05,47.34,23.6,43.33,28.23,15.1,NA,NA,NA,NA,NA,NA,NA,NA,0,0,12.12,38.71,NA,NA,NA,NA,NA,NA,NA,NA,NA,NA,NA,NA,NA,NA,NA,NA,18.95,1.18,3.92,5.27,29.32,NA,NA,NA,NA,NA,NA,NA,NA,NA,NA,NA,NA,NA,NA,NA,NA,NA,NA,NA,NA,NA,NA,NA,NA,NA,NA,NA,NA,NA,NA,NA,NA,NA,NA,NA,NA,NA,NA,NA,NA,NA,NA,NA,NA,NA,NA,NA,NA,NA,NA
"13","19_241","Nodo 3 - Pies inventariados","IFN2",NA,NA,284.7,NA,11.96,NA,NA,NA,NA,NA,30,NA,NA,668.45,NA,NA,0,0,15.22,NA,NA,NA,NA,NA,NA,NA,NA,NA,0,NA,NA,NA,NA,NA,NA,17.03,NA,NA,21.72,NA,NA,370.72,NA,NA,NA,NA,NA,NA,NA,NA,10.79,NA,NA,2.61,NA,NA,2.64,NA,NA,0.37,NA,NA,51.74,49.66,323.41,NA,NA,869.38,NA,NA,35.86,38.53,20.49,65.18,42.62,22.56,0,0,NA,NA,NA,NA,NA,NA,0,0,13.86,59,NA,NA,NA,NA,NA,NA,NA,NA,NA,NA,NA,NA,NA,NA,NA,NA,29.2,1.96,6.25,8.66,46.08,NA,0,NA,NA,NA,NA,NA,NA,NA,NA,NA,NA,NA,NA,NA,NA,NA,NA,NA,NA,NA,NA,NA,NA,NA,NA,NA,NA,NA,NA,NA,NA,NA,NA,NA,NA,NA,NA,"Nodo 1 - Pies inventariados",25,"IFN3",NA,NA,NA,NA,NA,NA,NA,NA,NA,NA,30,NA,NA,891.27,NA,NA,0,0,18.32,NA,NA,NA,NA,NA,NA,NA,NA,NA,NA,NA,NA,NA,NA,NA,NA,16.18,NA,NA,21.63,NA,NA,367.79,NA,NA,NA,NA,NA,NA,NA,NA,10.5,NA,NA,2.44,NA,NA,2.49,NA,NA,0.43,NA,NA,55.36,48.53,438.7,NA,NA,NA,NA,NA,31.9,34.28,20.08,80.61,52.63,27.98,NA,NA,NA,NA,NA,NA,NA,NA,0,0,19.34,73.3,NA,NA,NA,NA,NA,NA,NA,NA,NA,NA,NA,NA,NA,NA,NA,NA,35.56,2.29,7.45,10.16,55.46,NA,NA,NA,NA,NA,NA,NA,NA,NA,NA,NA,NA,NA,NA,NA,NA,NA,NA,NA,NA,NA,NA,NA,NA,NA,NA,NA,NA,NA,NA,NA,NA,NA,NA,NA,NA,NA,NA,10.37883993,604.77,43.7748441,29.8094316,NA,NA,NA,NA,NA,NA,NA,NA
"14","19_242","Nodo 3 - Pies inventariados","IFN2",NA,NA,284.7,NA,11.96,NA,NA,NA,NA,NA,30,NA,NA,63.66,NA,NA,0,0,2.7,NA,NA,NA,NA,NA,NA,NA,NA,NA,0,NA,NA,NA,NA,NA,NA,23.23,NA,NA,23.06,NA,NA,423.94,NA,NA,NA,NA,NA,NA,NA,NA,10.03,NA,NA,3.73,NA,NA,3.76,NA,NA,0.07,NA,NA,43.5,43.5,55.42,NA,NA,869.38,NA,NA,124.96,134.28,18.71,12.72,8.51,4.21,0,0,NA,NA,NA,NA,NA,NA,0,0,7.98,11.8,NA,NA,NA,NA,NA,NA,NA,NA,NA,NA,NA,NA,NA,NA,NA,NA,5.77,0.49,1.22,1.95,9.42,NA,0,NA,NA,NA,NA,NA,NA,NA,NA,NA,NA,NA,NA,NA,NA,NA,NA,NA,NA,NA,NA,NA,NA,NA,NA,NA,NA,NA,NA,NA,NA,NA,NA,NA,NA,NA,NA,"Nodo 1 - Pies inventariados",25,"IFN3",NA,NA,NA,NA,NA,NA,NA,NA,NA,NA,30,NA,NA,120.25,NA,NA,0,0,4.85,NA,NA,NA,NA,NA,NA,NA,NA,NA,NA,NA,NA,NA,NA,NA,NA,22.65,NA,NA,23.04,NA,NA,421.43,NA,NA,NA,NA,NA,NA,NA,NA,8.87,NA,NA,3.62,NA,NA,3.64,NA,NA,0.13,NA,NA,38.73,38.49,102.42,NA,NA,NA,NA,NA,102.85,110.52,17.93,19.94,13.27,6.66,NA,NA,NA,NA,NA,NA,NA,NA,0,0,10.99,18.24,NA,NA,NA,NA,NA,NA,NA,NA,NA,NA,NA,NA,NA,NA,NA,NA,9.46,0.85,2.17,3.42,15.9,NA,NA,NA,NA,NA,NA,NA,NA,NA,NA,NA,NA,NA,NA,NA,NA,NA,NA,NA,NA,NA,NA,NA,NA,NA,NA,NA,NA,NA,NA,NA,NA,NA,NA,NA,NA,NA,NA,2.99118522,74.28,12.5948814,9.9002974,NA,NA,NA,NA,NA,NA,NA,NA
"15","19_248","Nodo 3 - Pies inventariados","IFN2",NA,NA,284.7,NA,11.96,NA,NA,NA,NA,NA,35,NA,NA,109.64,NA,NA,0,0,4.89,NA,NA,NA,NA,NA,NA,NA,NA,NA,0,NA,NA,NA,NA,NA,NA,23.83,NA,NA,23.85,NA,NA,453.64,NA,NA,NA,NA,NA,NA,NA,NA,11.41,NA,NA,3.73,NA,NA,3.76,NA,NA,0.12,NA,NA,48.24,47.85,100.12,NA,NA,869.38,NA,NA,83.68,89.92,18.52,26.23,17.65,8.58,0,0,NA,NA,NA,NA,NA,NA,0,2.4,16.33,24.4,NA,NA,NA,NA,NA,NA,NA,NA,NA,NA,NA,NA,NA,NA,NA,NA,11.39,0.91,2.23,3.6,18.14,NA,0,NA,NA,NA,NA,NA,NA,NA,NA,NA,NA,NA,NA,NA,NA,NA,NA,NA,NA,NA,NA,NA,NA,NA,NA,NA,NA,NA,NA,NA,NA,NA,NA,NA,NA,NA,NA,"Nodo 1 - Pies inventariados",25,"IFN3",NA,NA,NA,NA,NA,NA,NA,NA,NA,NA,35,NA,NA,113.18,NA,NA,0,0,6.71,NA,NA,NA,NA,NA,NA,NA,NA,NA,NA,NA,NA,NA,NA,NA,NA,27.47,NA,NA,27.67,NA,NA,613.45,NA,NA,NA,NA,NA,NA,NA,NA,10.15,NA,NA,4.28,NA,NA,4.32,NA,NA,0.17,NA,NA,37.7,36.69,131.97,NA,NA,NA,NA,NA,92.6,99.5,18.21,32.76,22.26,10.49,NA,NA,NA,NA,NA,NA,NA,NA,0,5.62,18.59,30.43,NA,NA,NA,NA,NA,NA,NA,NA,NA,NA,NA,NA,NA,NA,NA,NA,14.99,1.49,3.21,5.58,25.27,NA,NA,NA,NA,NA,NA,NA,NA,NA,NA,NA,NA,NA,NA,NA,NA,NA,NA,NA,NA,NA,NA,NA,NA,NA,NA,NA,NA,NA,NA,NA,NA,NA,NA,NA,NA,NA,NA,3.1663738,56.6,13.925864,11.1998665,NA,NA,NA,NA,NA,NA,NA,NA
"16","19_259","Nodo 3 - Pies inventariados","IFN2",NA,NA,284.7,NA,11.96,NA,NA,NA,NA,NA,35,NA,NA,516.37,NA,NA,0,0,22.46,NA,NA,NA,NA,NA,NA,NA,NA,NA,0,NA,NA,NA,NA,NA,NA,23.53,NA,NA,30.58,NA,NA,741.84,NA,NA,NA,NA,NA,NA,NA,NA,12.36,NA,NA,3.42,NA,NA,3.53,NA,NA,0.51,NA,NA,47.05,40.43,460.55,NA,NA,869.38,NA,NA,35.59,38.25,21.26,114.93,77.47,37.46,0,0,NA,NA,NA,NA,NA,NA,0,14.81,62.25,106.78,NA,NA,NA,NA,NA,NA,NA,NA,NA,NA,NA,NA,NA,NA,NA,NA,51.03,4.43,10.36,17.16,82.99,NA,0,NA,NA,NA,NA,NA,NA,NA,NA,NA,NA,NA,NA,NA,NA,NA,NA,NA,NA,NA,NA,NA,NA,NA,NA,NA,NA,NA,NA,NA,NA,NA,NA,NA,NA,NA,NA,"Nodo 1 - Pies inventariados",25,"IFN3",NA,NA,NA,NA,NA,NA,NA,NA,NA,NA,35,NA,NA,456.24,NA,NA,0,0,22.97,NA,NA,NA,NA,NA,NA,NA,NA,NA,NA,NA,NA,NA,NA,NA,NA,25.32,NA,NA,32,NA,NA,814.84,NA,NA,NA,NA,NA,NA,NA,NA,12.5,NA,NA,3.7,NA,NA,3.79,NA,NA,0.51,NA,NA,44.78,39.05,465.72,NA,NA,NA,NA,NA,37.47,40.26,20.69,120.73,81.77,38.95,NA,NA,NA,NA,NA,NA,NA,NA,0,18.86,65.11,112.83,NA,NA,NA,NA,NA,NA,NA,NA,NA,NA,NA,NA,NA,NA,NA,NA,53.59,4.82,10.79,18.35,87.55,NA,NA,NA,NA,NA,NA,NA,NA,NA,NA,NA,NA,NA,NA,NA,NA,NA,NA,NA,NA,NA,NA,NA,NA,NA,NA,NA,NA,NA,NA,NA,NA,NA,NA,NA,NA,NA,NA,7.83991981,173.33,41.3390234,29.1442349,0,0,0,0,NA,NA,NA,NA
"17","19_262","Nodo 3 - Pies inventariados","IFN2",NA,NA,284.7,NA,11.96,NA,NA,NA,NA,NA,40,NA,NA,1420.75,NA,NA,8.1,0,52.23,NA,NA,NA,NA,NA,NA,NA,NA,NA,0,NA,NA,NA,NA,NA,NA,21.64,NA,NA,28.71,NA,NA,647.84,NA,NA,NA,NA,NA,NA,NA,NA,11.54,NA,NA,3.02,NA,NA,3.1,NA,NA,1.07,NA,NA,49.61,40.21,1080.94,NA,NA,869.38,NA,NA,22.98,24.69,19.04,262.68,175.57,87.11,0,0,NA,NA,NA,NA,NA,NA,0,4.36,143.29,243.7,NA,NA,NA,NA,NA,NA,NA,NA,NA,NA,NA,NA,NA,NA,NA,NA,115.58,9.08,23.3,36.6,184.56,NA,0,NA,NA,NA,NA,NA,NA,NA,NA,NA,NA,NA,NA,NA,NA,NA,NA,NA,NA,NA,NA,NA,NA,NA,NA,NA,NA,NA,NA,NA,NA,NA,NA,NA,NA,NA,NA,"Nodo 1 - Pies inventariados",25,"IFN3",NA,NA,NA,NA,NA,NA,NA,NA,NA,NA,40,NA,NA,633.08,NA,NA,0,0,27.85,NA,NA,NA,NA,NA,NA,NA,NA,NA,NA,NA,NA,NA,NA,NA,NA,23.67,NA,NA,28.61,NA,NA,644.21,NA,NA,NA,NA,NA,NA,NA,NA,13.35,NA,NA,3.44,NA,NA,3.48,NA,NA,0.6,NA,NA,52.88,46.66,578.98,NA,NA,NA,NA,NA,29.77,31.99,20.2,160.32,107.98,52.34,NA,NA,NA,NA,NA,NA,NA,NA,0,4.65,98.15,150.32,NA,NA,NA,NA,NA,NA,NA,NA,NA,NA,NA,NA,NA,NA,NA,NA,67.82,5.18,12.68,20.5,106.17,NA,NA,NA,NA,NA,NA,NA,NA,NA,NA,NA,NA,NA,NA,NA,NA,NA,NA,NA,NA,NA,NA,NA,NA,NA,NA,NA,NA,NA,NA,NA,NA,NA,NA,NA,NA,NA,NA,6.60110235,141.5,38.7731225,25.438021,0,0,0,0,NA,NA,NA,NA
"18","19_270","Nodo 3 - Pies inventariados","IFN2",NA,NA,284.7,NA,11.96,NA,NA,NA,NA,NA,35,NA,NA,91.96,NA,NA,0,0,6.76,NA,NA,NA,NA,NA,NA,NA,NA,NA,0,NA,NA,NA,NA,NA,NA,30.6,NA,NA,30.39,NA,NA,735.59,NA,NA,NA,NA,NA,NA,NA,NA,12.62,NA,NA,4.71,NA,NA,4.74,NA,NA,0.16,NA,NA,41.55,41.55,134.79,NA,NA,869.38,NA,NA,82.6,88.76,20.71,38.94,26.71,12.23,0,0,NA,NA,NA,NA,NA,NA,0,10.71,21.34,36.62,NA,NA,NA,NA,NA,NA,NA,NA,NA,NA,NA,NA,NA,NA,NA,NA,17.15,1.67,3.34,6.08,28.25,NA,0,NA,NA,NA,NA,NA,NA,NA,NA,NA,NA,NA,NA,NA,NA,NA,NA,NA,NA,NA,NA,NA,NA,NA,NA,NA,NA,NA,NA,NA,NA,NA,NA,NA,NA,NA,NA,"Nodo 1 - Pies inventariados",25,"IFN3",NA,NA,NA,NA,NA,NA,NA,NA,NA,NA,35,NA,NA,99.03,NA,NA,0,0,8.28,NA,NA,NA,NA,NA,NA,NA,NA,NA,NA,NA,NA,NA,NA,NA,NA,32.62,NA,NA,31.99,NA,NA,835.61,NA,NA,NA,NA,NA,NA,NA,NA,11.64,NA,NA,4.95,NA,NA,5.05,NA,NA,0.2,NA,NA,36.39,36.39,152.74,NA,NA,NA,NA,NA,86.31,92.75,19.81,44.45,30.64,13.8,NA,NA,NA,NA,NA,NA,NA,NA,0,18.66,16.4,41.75,NA,NA,NA,NA,NA,NA,NA,NA,NA,NA,NA,NA,NA,NA,NA,NA,20.38,2.29,4.2,8.04,34.91,NA,NA,NA,NA,NA,NA,NA,NA,NA,NA,NA,NA,NA,NA,NA,NA,NA,NA,NA,NA,NA,NA,NA,NA,NA,NA,NA,NA,NA,NA,NA,NA,NA,NA,NA,NA,NA,NA,2.2740465,42.45,11.2290155,8.402553,NA,NA,NA,NA,NA,NA,NA,NA
"19","19_271","Nodo 3 - Pies inventariados","IFN2",NA,NA,284.7,NA,11.96,NA,NA,NA,NA,NA,35,NA,NA,1404.17,NA,NA,10.54,0,54.18,NA,NA,NA,NA,NA,NA,NA,NA,NA,0,NA,NA,NA,NA,NA,NA,22.16,NA,NA,30.24,NA,NA,718.48,NA,NA,NA,NA,NA,NA,NA,NA,13.83,NA,NA,3.02,NA,NA,3.1,NA,NA,1.06,NA,NA,60.98,45.74,1118.24,NA,NA,869.38,NA,NA,19.29,20.73,23.37,337.13,226.86,110.27,0.02,0,NA,NA,NA,NA,NA,NA,0,20.23,195.71,315.74,NA,NA,NA,NA,NA,NA,NA,NA,NA,NA,NA,NA,NA,NA,NA,NA,137.79,9.72,24.38,38.81,210.7,NA,0,NA,NA,NA,NA,NA,NA,NA,NA,NA,NA,NA,NA,NA,NA,NA,NA,NA,NA,NA,NA,NA,NA,NA,NA,NA,NA,NA,NA,NA,NA,NA,NA,NA,NA,NA,NA,"Nodo 1 - Pies inventariados",25,"IFN3",NA,NA,NA,NA,NA,NA,NA,NA,NA,NA,35,NA,NA,445.63,NA,NA,0,0,24.72,NA,NA,NA,NA,NA,NA,NA,NA,NA,NA,NA,NA,NA,NA,NA,NA,26.58,NA,NA,32.14,NA,NA,814.07,NA,NA,NA,NA,NA,NA,NA,NA,15.77,NA,NA,3.77,NA,NA,3.84,NA,NA,0.52,NA,NA,57.78,49.06,492.28,NA,NA,NA,NA,NA,30.04,32.28,23.98,171.48,117.12,54.36,NA,NA,NA,NA,NA,NA,NA,NA,0,36.12,105.83,162.25,NA,NA,NA,NA,NA,NA,NA,NA,NA,NA,NA,NA,NA,NA,NA,NA,69.19,5.36,11.75,20.26,106.56,NA,NA,NA,NA,NA,NA,NA,NA,NA,NA,NA,NA,NA,NA,NA,NA,NA,NA,NA,NA,NA,NA,NA,NA,NA,NA,NA,NA,NA,NA,NA,NA,NA,NA,NA,NA,NA,NA,7.28562275,141.5,49.4968415,30.3946245,0,0,0,0,NA,NA,NA,NA
"20","19_274","Nodo 3 - Pies inventariados","IFN2",NA,NA,284.7,NA,11.96,NA,NA,NA,NA,NA,35,NA,NA,484.54,NA,NA,0,0,22.82,NA,NA,NA,NA,NA,NA,NA,NA,NA,0,NA,NA,NA,NA,NA,NA,24.49,NA,NA,28.82,NA,NA,652.92,NA,NA,NA,NA,NA,NA,NA,NA,11.44,NA,NA,3.66,NA,NA,3.7,NA,NA,0.52,NA,NA,41.65,39.71,465.84,NA,NA,869.38,NA,NA,39.7,42.66,20.59,109.02,73.33,35.69,0,0,NA,NA,NA,NA,NA,NA,0,4.41,63.22,101.17,NA,NA,NA,NA,NA,NA,NA,NA,NA,NA,NA,NA,NA,NA,NA,NA,49.67,4.41,10.51,17.26,81.85,NA,0,NA,NA,NA,NA,NA,NA,NA,NA,NA,NA,NA,NA,NA,NA,NA,NA,NA,NA,NA,NA,NA,NA,NA,NA,NA,NA,NA,NA,NA,NA,NA,NA,NA,NA,NA,NA,"Nodo 1 - Pies inventariados",25,"IFN3",NA,NA,NA,NA,NA,NA,NA,NA,NA,NA,35,NA,NA,311.24,NA,NA,0,0,22.24,NA,NA,NA,NA,NA,NA,NA,NA,NA,NA,NA,NA,NA,NA,NA,NA,30.16,NA,NA,33.77,NA,NA,897.8,NA,NA,NA,NA,NA,NA,NA,NA,12.56,NA,NA,4.47,NA,NA,4.5,NA,NA,0.5,NA,NA,39.42,37.18,422.58,NA,NA,NA,NA,NA,45.14,48.51,20.62,120.08,82.13,37.95,NA,NA,NA,NA,NA,NA,NA,NA,0,32.81,63.37,112.62,NA,NA,NA,NA,NA,NA,NA,NA,NA,NA,NA,NA,NA,NA,NA,NA,53.97,5.37,10.91,19.72,89.98,NA,NA,NA,NA,NA,NA,NA,NA,NA,NA,NA,NA,NA,NA,NA,NA,NA,NA,NA,NA,NA,NA,NA,NA,NA,NA,NA,NA,NA,NA,NA,NA,NA,NA,NA,NA,NA,NA,11.45047715,169.8,61.1383295,45.566679,0,0,0,0,NA,NA,NA,NA
"21","19_561","Nodo 3 - Pies inventariados","IFN2",NA,NA,284.7,NA,11.96,NA,NA,NA,NA,NA,45,NA,NA,234.56,NA,NA,0,0,25.38,NA,NA,NA,NA,NA,NA,NA,NA,NA,0,NA,NA,NA,NA,NA,NA,37.11,NA,NA,43.83,NA,NA,1528,NA,NA,NA,NA,NA,NA,NA,NA,14.57,NA,NA,5.32,NA,NA,5.43,NA,NA,0.54,NA,NA,35.22,33.24,495.15,NA,NA,869.38,NA,NA,44.81,48.15,20.85,153.93,107.69,46.25,0,0,NA,NA,NA,NA,NA,NA,9.54,96.25,39.14,145.62,NA,NA,NA,NA,NA,NA,NA,NA,NA,NA,NA,NA,NA,NA,NA,NA,68.77,8.23,13.47,27.57,118.04,NA,0,NA,NA,NA,NA,NA,NA,NA,NA,NA,NA,NA,NA,NA,NA,NA,NA,NA,NA,NA,NA,NA,NA,NA,NA,NA,NA,NA,NA,NA,NA,NA,NA,NA,NA,NA,NA,"Nodo 1 - Pies inventariados",25,"IFN3",NA,NA,NA,NA,NA,NA,NA,NA,NA,NA,45,NA,NA,151.23,NA,NA,0,0,13.28,NA,NA,NA,NA,NA,NA,NA,NA,NA,NA,NA,NA,NA,NA,NA,NA,33.44,NA,NA,37.03,NA,NA,1116.65,NA,NA,NA,NA,NA,NA,NA,NA,13.73,NA,NA,4.87,NA,NA,5.04,NA,NA,0.3,NA,NA,40.57,37.06,242.91,NA,NA,NA,NA,NA,59.25,63.66,19.43,80.38,55.83,24.55,NA,NA,NA,NA,NA,NA,NA,NA,6.3,44.39,24.2,75.81,NA,NA,NA,NA,NA,NA,NA,NA,NA,NA,NA,NA,NA,NA,NA,NA,35.61,4,6.89,13.66,60.16,NA,NA,NA,NA,NA,NA,NA,NA,NA,NA,NA,NA,NA,NA,NA,NA,NA,NA,NA,NA,NA,NA,NA,NA,NA,NA,NA,NA,NA,NA,NA,NA,NA,NA,NA,NA,NA,NA,1.78758764,10.18,10.5210809,8.8725317,0,0,0,0,1.19897244,31.83,6.222765,4.2286155
"22","19_564","Nodo 3 - Pies inventariados","IFN2",NA,NA,284.7,NA,11.96,NA,NA,NA,NA,NA,25,NA,NA,31.83,NA,NA,0,0,1.61,NA,NA,NA,NA,NA,NA,NA,NA,NA,0,NA,NA,NA,NA,NA,NA,25.4,NA,NA,25.4,NA,NA,506.75,NA,NA,NA,NA,NA,NA,NA,NA,9.16,NA,NA,4.2,NA,NA,4.2,NA,NA,0.04,NA,NA,36.05,36.05,32.8,NA,NA,869.38,NA,NA,193.59,208.02,20.5,6.81,4.57,2.24,0,0,NA,NA,NA,NA,NA,NA,0,0,5.32,6.33,NA,NA,NA,NA,NA,NA,NA,NA,NA,NA,NA,NA,NA,NA,NA,NA,3.25,0.31,0.75,1.23,5.54,NA,0,NA,NA,NA,NA,NA,NA,NA,NA,NA,NA,NA,NA,NA,NA,NA,NA,NA,NA,NA,NA,NA,NA,NA,NA,NA,NA,NA,NA,NA,NA,NA,NA,NA,NA,NA,NA,"Nodo 1 - Pies inventariados",25,"IFN3",NA,NA,NA,NA,NA,NA,NA,NA,NA,NA,25,NA,NA,42.44,NA,NA,0,0,2.22,NA,NA,NA,NA,NA,NA,NA,NA,NA,NA,NA,NA,NA,NA,NA,NA,25.8,NA,NA,25.75,NA,NA,522.78,NA,NA,NA,NA,NA,NA,NA,NA,7.83,NA,NA,4.25,NA,NA,4.26,NA,NA,0.06,NA,NA,30.42,30.42,44.68,NA,NA,NA,NA,NA,195.96,210.57,18.65,8.05,5.39,2.66,NA,NA,NA,NA,NA,NA,NA,NA,0,0,4.32,7.35,NA,NA,NA,NA,NA,NA,NA,NA,NA,NA,NA,NA,NA,NA,NA,NA,4.08,0.44,1.03,1.72,7.27,NA,NA,NA,NA,NA,NA,NA,NA,NA,NA,NA,NA,NA,NA,NA,NA,NA,NA,NA,NA,NA,NA,NA,NA,NA,NA,NA,NA,NA,NA,NA,NA,NA,NA,NA,NA,NA,NA,1.34791485,28.3,4.849205,4.3170235,NA,NA,NA,NA,NA,NA,NA,NA
"23","19_568","Nodo 3 - Pies inventariados","IFN2",NA,NA,284.7,NA,11.96,NA,NA,NA,NA,NA,30,NA,NA,986.76,NA,NA,0,0,25.85,NA,NA,NA,NA,NA,NA,NA,NA,NA,0,NA,NA,NA,NA,NA,NA,18.26,NA,NA,23.54,NA,NA,438.03,NA,NA,NA,NA,NA,NA,NA,NA,7.67,NA,NA,2.77,NA,NA,2.8,NA,NA,0.61,NA,NA,41.21,32.58,544.94,NA,NA,869.38,NA,NA,41.52,44.61,17.75,92.17,60.23,31.95,0,0,NA,NA,NA,NA,NA,NA,0,0,22.95,82.32,NA,NA,NA,NA,NA,NA,NA,NA,NA,NA,NA,NA,NA,NA,NA,NA,44.61,3.59,10.85,15.49,74.54,NA,0,NA,NA,NA,NA,NA,NA,NA,NA,NA,NA,NA,NA,NA,NA,NA,NA,NA,NA,NA,NA,NA,NA,NA,NA,NA,NA,NA,NA,NA,NA,NA,NA,NA,NA,NA,NA,"Nodo 1 - Pies inventariados",25,"IFN3",NA,NA,NA,NA,NA,NA,NA,NA,NA,NA,30,NA,NA,1036.28,NA,NA,0,0,27.51,NA,NA,NA,NA,NA,NA,NA,NA,NA,NA,NA,NA,NA,NA,NA,NA,18.39,NA,NA,24.91,NA,NA,488.73,NA,NA,NA,NA,NA,NA,NA,NA,8.21,NA,NA,2.76,NA,NA,2.81,NA,NA,0.64,NA,NA,42.09,32.97,628.13,NA,NA,NA,NA,NA,37.83,40.65,17.25,100.59,65.85,34.74,NA,NA,NA,NA,NA,NA,NA,NA,0,0,24.79,89.92,NA,NA,NA,NA,NA,NA,NA,NA,NA,NA,NA,NA,NA,NA,NA,NA,48.34,3.91,11.6,16.74,80.59,NA,NA,NA,NA,NA,NA,NA,NA,NA,NA,NA,NA,NA,NA,NA,NA,NA,NA,NA,NA,NA,NA,NA,NA,NA,NA,NA,NA,NA,NA,NA,NA,NA,NA,NA,NA,NA,NA,11.85104317,484.54,44.4864502,34.7831396,NA,NA,NA,NA,NA,NA,NA,NA
"24","19_578","Nodo 3 - Pies inventariados","IFN2",NA,NA,284.7,NA,11.96,NA,NA,NA,NA,NA,35,NA,NA,668.45,NA,NA,0,0,18.82,NA,NA,NA,NA,NA,NA,NA,NA,NA,0,NA,NA,NA,NA,NA,NA,18.94,NA,NA,26.42,NA,NA,549.46,NA,NA,NA,NA,NA,NA,NA,NA,12.16,NA,NA,2.79,NA,NA,2.87,NA,NA,0.43,NA,NA,54.04,46.03,395.27,NA,NA,869.38,NA,NA,31.81,34.18,20.61,94.48,62.75,31.73,0,0,NA,NA,NA,NA,NA,NA,0,0,44.86,87.43,NA,NA,NA,NA,NA,NA,NA,NA,NA,NA,NA,NA,NA,NA,NA,NA,40.9,2.92,8.11,12.15,64.08,NA,0,NA,NA,NA,NA,NA,NA,NA,NA,NA,NA,NA,NA,NA,NA,NA,NA,NA,NA,NA,NA,NA,NA,NA,NA,NA,NA,NA,NA,NA,NA,NA,NA,NA,NA,NA,NA,"Nodo 1 - Pies inventariados",25,"IFN3",NA,NA,NA,NA,NA,NA,NA,NA,NA,NA,35,NA,NA,498.69,NA,NA,0,0,12.82,NA,NA,NA,NA,NA,NA,NA,NA,NA,NA,NA,NA,NA,NA,NA,NA,18.09,NA,NA,24.5,NA,NA,475.21,NA,NA,NA,NA,NA,NA,NA,NA,10.57,NA,NA,2.69,NA,NA,2.8,NA,NA,0.31,NA,NA,54.92,43.12,294.4,NA,NA,NA,NA,NA,42.38,45.54,18.48,60.26,39.81,20.44,NA,NA,NA,NA,NA,NA,NA,NA,0,0,25.19,55.13,NA,NA,NA,NA,NA,NA,NA,NA,NA,NA,NA,NA,NA,NA,NA,NA,26.59,1.93,5.47,8.08,42.07,NA,NA,NA,NA,NA,NA,NA,NA,NA,NA,NA,NA,NA,NA,NA,NA,NA,NA,NA,NA,NA,NA,NA,NA,NA,NA,NA,NA,NA,NA,NA,NA,NA,NA,NA,NA,NA,NA,7.08583074,311.24,32.6820265,22.8617979,0,0,0,0,NA,NA,NA,NA
"25","19_582","Nodo 3 - Pies inventariados","IFN2",NA,NA,284.7,NA,11.96,NA,NA,NA,NA,NA,30,NA,NA,976.15,NA,NA,0,0,37.75,NA,NA,NA,NA,NA,NA,NA,NA,NA,0,NA,NA,NA,NA,NA,NA,22.19,NA,NA,29.08,NA,NA,664.74,NA,NA,NA,NA,NA,NA,NA,NA,12.18,NA,NA,3.13,NA,NA,3.24,NA,NA,0.81,NA,NA,49.08,41.89,779.16,NA,NA,869.38,NA,NA,26.27,28.23,23.57,193.9,130.14,63.76,0,0,NA,NA,NA,NA,NA,NA,0,6.44,112.61,180.69,NA,NA,NA,NA,NA,NA,NA,NA,NA,NA,NA,NA,NA,NA,NA,NA,85.29,6.94,17.09,27.51,136.84,NA,0,NA,NA,NA,NA,NA,NA,NA,NA,NA,NA,NA,NA,NA,NA,NA,NA,NA,NA,NA,NA,NA,NA,NA,NA,NA,NA,NA,NA,NA,NA,NA,NA,NA,NA,NA,NA,"Nodo 1 - Pies inventariados",25,"IFN3",NA,NA,NA,NA,NA,NA,NA,NA,NA,NA,30,NA,NA,364.29,NA,NA,0,0,17.9,NA,NA,NA,NA,NA,NA,NA,NA,NA,NA,NA,NA,NA,NA,NA,NA,25.02,NA,NA,29.55,NA,NA,688.04,NA,NA,NA,NA,NA,NA,NA,NA,11.92,NA,NA,3.72,NA,NA,3.78,NA,NA,0.41,NA,NA,46.71,40.36,364.67,NA,NA,NA,NA,NA,43.94,47.21,21.65,95.22,64.28,30.94,NA,NA,NA,NA,NA,NA,NA,NA,0,7.06,57.76,88.84,NA,NA,NA,NA,NA,NA,NA,NA,NA,NA,NA,NA,NA,NA,NA,NA,41.89,3.58,8.32,13.87,67.65,NA,NA,NA,NA,NA,NA,NA,NA,NA,NA,NA,NA,NA,NA,NA,NA,NA,NA,NA,NA,NA,NA,NA,NA,NA,NA,NA,NA,NA,NA,NA,NA,NA,NA,NA,NA,NA,NA,7.0838862,127.35,37.5378275,27.1406905,0,0,0,0,NA,NA,NA,NA
"26","19_591","Nodo 3 - Pies inventariados","IFN2",NA,NA,284.7,NA,11.96,NA,NA,NA,NA,NA,40,NA,NA,314.77,NA,NA,0,0,19.19,NA,NA,NA,NA,NA,NA,NA,NA,NA,0,NA,NA,NA,NA,NA,NA,27.86,NA,NA,38.36,NA,NA,1170.5,NA,NA,NA,NA,NA,NA,NA,NA,13.32,NA,NA,3.86,NA,NA,4.18,NA,NA,0.43,NA,NA,40.64,34.74,386.27,NA,NA,869.38,NA,NA,42.3,45.46,20.37,105.02,72.38,32.64,0,0,NA,NA,NA,NA,NA,NA,0,55.86,33.24,98.4,NA,NA,NA,NA,NA,NA,NA,NA,NA,NA,NA,NA,NA,NA,NA,NA,47.52,5.2,9.63,18.27,80.62,NA,0,NA,NA,NA,NA,NA,NA,NA,NA,NA,NA,NA,NA,NA,NA,NA,NA,NA,NA,NA,NA,NA,NA,NA,NA,NA,NA,NA,NA,NA,NA,NA,NA,NA,NA,NA,NA,"Nodo 1 - Pies inventariados",25,"IFN3",NA,NA,NA,NA,NA,NA,NA,NA,NA,NA,40,NA,NA,422.43,NA,NA,0,0,21.34,NA,NA,NA,NA,NA,NA,NA,NA,NA,NA,NA,NA,NA,NA,NA,NA,25.36,NA,NA,37.83,NA,NA,1133.02,NA,NA,NA,NA,NA,NA,NA,NA,12.99,NA,NA,3.42,NA,NA,3.8,NA,NA,0.48,NA,NA,41.46,34.34,432.44,NA,NA,NA,NA,NA,37.45,40.24,19.86,112.65,77.29,35.36,NA,NA,NA,NA,NA,NA,NA,NA,0,46.55,43.51,104.98,NA,NA,NA,NA,NA,NA,NA,NA,NA,NA,NA,NA,NA,NA,NA,NA,51.17,5.43,10.52,19.44,86.57,NA,NA,NA,NA,NA,NA,NA,NA,NA,NA,NA,NA,NA,NA,NA,NA,NA,NA,NA,NA,NA,NA,NA,NA,NA,NA,NA,NA,NA,NA,NA,NA,NA,NA,NA,NA,NA,NA,5.0238033,125.35,23.1956505,17.8576634,NA,NA,NA,NA,NA,NA,NA,NA
"27","19_593","Nodo 3 - Pies inventariados","IFN2",NA,NA,284.7,NA,11.96,NA,NA,NA,NA,NA,35,NA,NA,1943.52,NA,NA,12.31,0,59.16,NA,NA,NA,NA,NA,NA,NA,NA,NA,0,NA,NA,NA,NA,NA,NA,19.69,NA,NA,26.36,NA,NA,546.28,NA,NA,NA,NA,NA,NA,NA,NA,12.16,NA,NA,2.74,NA,NA,2.8,NA,NA,1.2,NA,NA,51.7,46.12,1237.05,NA,NA,869.38,NA,NA,18.66,20.05,21.52,287.16,190.45,96.71,0.02,0,NA,NA,NA,NA,NA,NA,0,0,125.2,264.67,NA,NA,NA,NA,NA,NA,NA,NA,NA,NA,NA,NA,NA,NA,NA,NA,125.93,9.15,25.55,38.19,198.81,NA,0,NA,NA,NA,NA,NA,NA,NA,NA,NA,NA,NA,NA,NA,NA,NA,NA,NA,NA,NA,NA,NA,NA,NA,NA,NA,NA,NA,NA,NA,NA,NA,NA,NA,NA,NA,NA,"Nodo 1 - Pies inventariados",25,"IFN3",NA,NA,NA,NA,NA,NA,NA,NA,NA,NA,35,NA,NA,866.51,NA,NA,0,0,30.11,NA,NA,NA,NA,NA,NA,NA,NA,NA,NA,NA,NA,NA,NA,NA,NA,21.03,NA,NA,28.31,NA,NA,630.65,NA,NA,NA,NA,NA,NA,NA,NA,11.27,NA,NA,3.07,NA,NA,3.14,NA,NA,0.67,NA,NA,47.14,39.82,654.03,NA,NA,NA,NA,NA,30.13,32.38,19.22,140.5,93.6,46.89,NA,NA,NA,NA,NA,NA,NA,NA,0,2.24,63.4,129.23,NA,NA,NA,NA,NA,NA,NA,NA,NA,NA,NA,NA,NA,NA,NA,NA,63.32,5.12,13.34,20.76,102.54,NA,NA,NA,NA,NA,NA,NA,NA,NA,NA,NA,NA,NA,NA,NA,NA,NA,NA,NA,NA,NA,NA,NA,NA,NA,NA,NA,NA,NA,NA,NA,NA,NA,NA,NA,NA,NA,NA,10.59196436,336.01,50.0541771,35.9386846,0,0,0,0,0.68058906,31.83,2.9535057,2.0256612
"28","19_596","Nodo 3 - Pies inventariados","IFN2",NA,NA,284.7,NA,11.96,NA,NA,NA,NA,NA,30,NA,NA,1432.39,NA,NA,0,0,41.31,NA,NA,NA,NA,NA,NA,NA,NA,NA,0,NA,NA,NA,NA,NA,NA,19.16,NA,NA,24.84,NA,NA,484.83,NA,NA,NA,NA,NA,NA,NA,NA,9.33,NA,NA,2.79,NA,NA,2.85,NA,NA,0.91,NA,NA,41.71,37.57,866.29,NA,NA,869.38,NA,NA,28.31,30.43,20.14,158.6,104.41,54.19,0,0,NA,NA,NA,NA,NA,NA,0,0,58.69,142.83,NA,NA,NA,NA,NA,NA,NA,NA,NA,NA,NA,NA,NA,NA,NA,NA,75.54,6.22,17.7,26.15,125.62,NA,0,NA,NA,NA,NA,NA,NA,NA,NA,NA,NA,NA,NA,NA,NA,NA,NA,NA,NA,NA,NA,NA,NA,NA,NA,NA,NA,NA,NA,NA,NA,NA,NA,NA,NA,NA,NA,"Nodo 1 - Pies inventariados",25,"IFN3",NA,NA,NA,NA,NA,NA,NA,NA,NA,NA,30,NA,NA,1488.98,NA,NA,0,0,30.23,NA,NA,NA,NA,NA,NA,NA,NA,NA,NA,NA,NA,NA,NA,NA,NA,16.08,NA,NA,23.32,NA,NA,429.16,NA,NA,NA,NA,NA,NA,NA,NA,7.62,NA,NA,2.36,NA,NA,2.47,NA,NA,0.71,NA,NA,40.52,32.65,725.45,NA,NA,NA,NA,NA,34.03,36.57,16.7,98.21,63.86,34.35,NA,NA,NA,NA,NA,NA,NA,NA,0,0,23.1,85.86,NA,NA,NA,NA,NA,NA,NA,NA,NA,NA,NA,NA,NA,NA,NA,NA,48.76,4,12.45,17.44,82.66,NA,NA,NA,NA,NA,NA,NA,NA,NA,NA,NA,NA,NA,NA,NA,NA,NA,NA,NA,NA,NA,NA,NA,NA,NA,NA,NA,NA,NA,NA,NA,NA,NA,NA,NA,NA,NA,NA,4.00755308,265.26,11.8972218,10.5681915,NA,NA,NA,NA,3.06876213,190.98,10.1053884,7.9839189
"29","19_601","Nodo 3 - Pies inventariados","IFN2",NA,NA,284.7,NA,11.96,NA,NA,NA,NA,NA,30,NA,NA,795.77,NA,NA,0,0,17.54,NA,NA,NA,NA,NA,NA,NA,NA,NA,0,NA,NA,NA,NA,NA,NA,16.75,NA,NA,23.99,NA,NA,452.86,NA,NA,NA,NA,NA,NA,NA,NA,9.48,NA,NA,2.57,NA,NA,2.62,NA,NA,0.43,NA,NA,40.79,39.51,373.3,NA,NA,869.38,NA,NA,37.4,40.19,19.26,60.64,39.55,21.09,0,0,NA,NA,NA,NA,NA,NA,0,0,15.65,53.65,NA,NA,NA,NA,NA,NA,NA,NA,NA,NA,NA,NA,NA,NA,NA,NA,29.38,2.31,7.22,10.07,48.98,NA,0,NA,NA,NA,NA,NA,NA,NA,NA,NA,NA,NA,NA,NA,NA,NA,NA,NA,NA,NA,NA,NA,NA,NA,NA,NA,NA,NA,NA,NA,NA,NA,NA,NA,NA,NA,NA,"Nodo 1 - Pies inventariados",25,"IFN3",NA,NA,NA,NA,NA,NA,NA,NA,NA,NA,30,NA,NA,1202.5,NA,NA,0,0,26.13,NA,NA,NA,NA,NA,NA,NA,NA,NA,NA,NA,NA,NA,NA,NA,NA,16.63,NA,NA,27.08,NA,NA,576.73,NA,NA,NA,NA,NA,NA,NA,NA,8.99,NA,NA,2.53,NA,NA,2.67,NA,NA,0.6,NA,NA,39.11,33.2,619.22,NA,NA,NA,NA,NA,32.08,34.47,18.12,90.17,59.24,30.93,NA,NA,NA,NA,NA,NA,NA,NA,0,0,28.42,80.16,NA,NA,NA,NA,NA,NA,NA,NA,NA,NA,NA,NA,NA,NA,NA,NA,44.1,3.82,10.87,16.01,74.8,NA,NA,NA,NA,NA,NA,NA,NA,NA,NA,NA,NA,NA,NA,NA,NA,NA,NA,NA,NA,NA,NA,NA,NA,NA,NA,NA,NA,NA,NA,NA,NA,NA,NA,NA,NA,NA,NA,18.00282582,877.12,62.8653376,51.563688,NA,NA,NA,NA,NA,NA,NA,NA
"30","19_602","Nodo 3 - Pies inventariados","IFN2",NA,NA,284.7,NA,11.96,NA,NA,NA,NA,NA,30,NA,NA,350.14,NA,NA,0,0,7.67,NA,NA,NA,NA,NA,NA,NA,NA,NA,0,NA,NA,NA,NA,NA,NA,16.7,NA,NA,19.89,NA,NA,311.91,NA,NA,NA,NA,NA,NA,NA,NA,9.59,NA,NA,2.63,NA,NA,2.65,NA,NA,0.19,NA,NA,53.53,48.21,163.27,NA,NA,869.38,NA,NA,55.74,59.89,17.21,32.7,21.32,11.38,0,0,NA,NA,NA,NA,NA,NA,0,0,6.52,29.6,NA,NA,NA,NA,NA,NA,NA,NA,NA,NA,NA,NA,NA,NA,NA,NA,14.6,0.96,3.12,4.26,22.94,NA,0,NA,NA,NA,NA,NA,NA,NA,NA,NA,NA,NA,NA,NA,NA,NA,NA,NA,NA,NA,NA,NA,NA,NA,NA,NA,NA,NA,NA,NA,NA,NA,NA,NA,NA,NA,NA,"Nodo 1 - Pies inventariados",25,"IFN3",NA,NA,NA,NA,NA,NA,NA,NA,NA,NA,30,NA,NA,951.39,NA,NA,0,0,18.53,NA,NA,NA,NA,NA,NA,NA,NA,NA,NA,NA,NA,NA,NA,NA,NA,15.75,NA,NA,22.05,NA,NA,382.1,NA,NA,NA,NA,NA,NA,NA,NA,8.25,NA,NA,2.37,NA,NA,2.46,NA,NA,0.45,NA,NA,44.08,37.43,448.07,NA,NA,NA,NA,NA,39.29,42.22,17.39,64.01,41.6,22.42,NA,NA,NA,NA,NA,NA,NA,NA,0,0,17.48,56.28,NA,NA,NA,NA,NA,NA,NA,NA,NA,NA,NA,NA,NA,NA,NA,NA,30.89,2.36,7.55,10.39,51.18,NA,NA,NA,NA,NA,NA,NA,NA,NA,NA,NA,NA,NA,NA,NA,NA,NA,NA,NA,NA,NA,NA,NA,NA,NA,NA,NA,NA,NA,NA,NA,NA,NA,NA,NA,NA,NA,NA,14.01722159,792.22,47.2642394,37.7983058,NA,NA,NA,NA,NA,NA,NA,NA
"31","19_603","Nodo 3 - Pies inventariados","IFN2",NA,NA,284.7,NA,11.96,NA,NA,NA,NA,NA,35,NA,NA,222.82,NA,NA,0,0,8.38,NA,NA,NA,NA,NA,NA,NA,NA,NA,0,NA,NA,NA,NA,NA,NA,21.88,NA,NA,24.3,NA,NA,468.5,NA,NA,NA,NA,NA,NA,NA,NA,9.59,NA,NA,3.43,NA,NA,3.46,NA,NA,0.21,NA,NA,40.48,39.48,173.15,NA,NA,869.38,NA,NA,69.82,75.03,16.98,34.95,23.23,11.72,0,0,NA,NA,NA,NA,NA,NA,0,0,17.93,31.99,NA,NA,NA,NA,NA,NA,NA,NA,NA,NA,NA,NA,NA,NA,NA,NA,16.42,1.42,3.72,5.78,27.33,NA,0,NA,NA,NA,NA,NA,NA,NA,NA,NA,NA,NA,NA,NA,NA,NA,NA,NA,NA,NA,NA,NA,NA,NA,NA,NA,NA,NA,NA,NA,NA,NA,NA,NA,NA,NA,NA,"Nodo 1 - Pies inventariados",25,"IFN3",NA,NA,NA,NA,NA,NA,NA,NA,NA,NA,35,NA,NA,555.27,NA,NA,0,0,18.2,NA,NA,NA,NA,NA,NA,NA,NA,NA,NA,NA,NA,NA,NA,NA,NA,20.43,NA,NA,27.37,NA,NA,595.21,NA,NA,NA,NA,NA,NA,NA,NA,9.71,NA,NA,3.07,NA,NA,3.15,NA,NA,0.43,NA,NA,43.33,35.48,399.64,NA,NA,NA,NA,NA,43.69,46.95,17.54,76.67,50.89,25.77,NA,NA,NA,NA,NA,NA,NA,NA,0,4.56,31.59,70.14,NA,NA,NA,NA,NA,NA,NA,NA,NA,NA,NA,NA,NA,NA,NA,NA,35.72,3.03,8,12.34,59.09,NA,NA,NA,NA,NA,NA,NA,NA,NA,NA,NA,NA,NA,NA,NA,NA,NA,NA,NA,NA,NA,NA,NA,NA,NA,NA,NA,NA,NA,NA,NA,NA,NA,NA,NA,NA,NA,NA,11.6112372,403.2,47.6434408,36.4973952,NA,NA,NA,NA,NA,NA,NA,NA
"32","19_604","Nodo 3 - Pies inventariados","IFN2",NA,NA,284.7,NA,11.96,NA,NA,NA,NA,NA,25,NA,NA,986.76,NA,NA,0,0,27.35,NA,NA,NA,NA,NA,NA,NA,NA,NA,0,NA,NA,NA,NA,NA,NA,18.79,NA,NA,24.54,NA,NA,473.86,NA,NA,NA,NA,NA,NA,NA,NA,9.69,NA,NA,2.81,NA,NA,2.85,NA,NA,0.63,NA,NA,44.99,39.5,574.76,NA,NA,869.38,NA,NA,32.84,35.29,22.92,110.32,72.57,37.75,0,0,NA,NA,NA,NA,NA,NA,0,0,35.12,99.63,NA,NA,NA,NA,NA,NA,NA,NA,NA,NA,NA,NA,NA,NA,NA,NA,51.27,3.99,11.62,16.93,83.81,NA,0,NA,NA,NA,NA,NA,NA,NA,NA,NA,NA,NA,NA,NA,NA,NA,NA,NA,NA,NA,NA,NA,NA,NA,NA,NA,NA,NA,NA,NA,NA,NA,NA,NA,NA,NA,NA,"Nodo 1 - Pies inventariados",25,"IFN3",NA,NA,NA,NA,NA,NA,NA,NA,NA,NA,25,NA,NA,940.78,NA,NA,0,0,26.52,NA,NA,NA,NA,NA,NA,NA,NA,NA,NA,NA,NA,NA,NA,NA,NA,18.94,NA,NA,26.48,NA,NA,552.04,NA,NA,NA,NA,NA,NA,NA,NA,9.65,NA,NA,2.78,NA,NA,2.88,NA,NA,0.61,NA,NA,41.62,36.42,598.73,NA,NA,NA,NA,NA,33.8,36.32,20.99,105.8,69.96,35.83,NA,NA,NA,NA,NA,NA,NA,NA,0,0,46.76,95.76,NA,NA,NA,NA,NA,NA,NA,NA,NA,NA,NA,NA,NA,NA,NA,NA,49.82,4.15,11.45,17.2,82.62,NA,NA,NA,NA,NA,NA,NA,NA,NA,NA,NA,NA,NA,NA,NA,NA,NA,NA,NA,NA,NA,NA,NA,NA,NA,NA,NA,NA,NA,NA,NA,NA,NA,NA,NA,NA,NA,NA,11.32956806,459.8,42.6474822,34.3814633,NA,NA,NA,NA,NA,NA,NA,NA
"33","19_606","Nodo 3 - Pies inventariados","IFN2",NA,NA,284.7,NA,11.96,NA,NA,NA,NA,NA,30,NA,NA,763.94,NA,NA,0,0,16.88,NA,NA,NA,NA,NA,NA,NA,NA,NA,0,NA,NA,NA,NA,NA,NA,16.77,NA,NA,22.73,NA,NA,407.8,NA,NA,NA,NA,NA,NA,NA,NA,9.21,NA,NA,2.56,NA,NA,2.61,NA,NA,0.41,NA,NA,47.4,40.52,359.1,NA,NA,869.38,NA,NA,39.28,42.21,18.89,65.07,42.43,22.64,0,0,NA,NA,NA,NA,NA,NA,0,0,19.92,58.34,NA,NA,NA,NA,NA,NA,NA,NA,NA,NA,NA,NA,NA,NA,NA,NA,30.3,2.19,6.93,9.62,49.04,NA,0,NA,NA,NA,NA,NA,NA,NA,NA,NA,NA,NA,NA,NA,NA,NA,NA,NA,NA,NA,NA,NA,NA,NA,NA,NA,NA,NA,NA,NA,NA,NA,NA,NA,NA,NA,NA,"Nodo 1 - Pies inventariados",25,"IFN3",NA,NA,NA,NA,NA,NA,NA,NA,NA,NA,30,NA,NA,756.87,NA,NA,0,0,19.47,NA,NA,NA,NA,NA,NA,NA,NA,NA,NA,NA,NA,NA,NA,NA,NA,18.1,NA,NA,23.06,NA,NA,419.6,NA,NA,NA,NA,NA,NA,NA,NA,9.77,NA,NA,2.75,NA,NA,2.78,NA,NA,0.46,NA,NA,48.83,42.36,447.17,NA,NA,NA,NA,NA,37.2,39.98,19.26,81.7,53.59,28.11,NA,NA,NA,NA,NA,NA,NA,NA,0,0,21.31,74.26,NA,NA,NA,NA,NA,NA,NA,NA,NA,NA,NA,NA,NA,NA,NA,NA,37.23,2.69,8.15,11.62,59.69,NA,NA,NA,NA,NA,NA,NA,NA,NA,NA,NA,NA,NA,NA,NA,NA,NA,NA,NA,NA,NA,NA,NA,NA,NA,NA,NA,NA,NA,NA,NA,NA,NA,NA,NA,NA,NA,NA,9.27521276,410.26,38.1121114,27.5711797,NA,NA,NA,NA,NA,NA,NA,NA
"34","19_609","Nodo 3 - Pies inventariados","IFN2",NA,NA,284.7,NA,11.96,NA,NA,NA,NA,NA,30,NA,NA,1414.71,NA,NA,0,0,38.15,NA,NA,NA,NA,NA,NA,NA,NA,NA,0,NA,NA,NA,NA,NA,NA,18.53,NA,NA,26.96,NA,NA,571.92,NA,NA,NA,NA,NA,NA,NA,NA,10.85,NA,NA,2.69,NA,NA,2.75,NA,NA,0.84,NA,NA,46.25,40.23,803.07,NA,NA,869.38,NA,NA,24.51,26.34,21.97,159.77,105.33,54.44,0,0,NA,NA,NA,NA,NA,NA,0,0,54.53,145.48,NA,NA,NA,NA,NA,NA,NA,NA,NA,NA,NA,NA,NA,NA,NA,NA,73.45,5.64,16.24,23.81,119.14,NA,0,NA,NA,NA,NA,NA,NA,NA,NA,NA,NA,NA,NA,NA,NA,NA,NA,NA,NA,NA,NA,NA,NA,NA,NA,NA,NA,NA,NA,NA,NA,NA,NA,NA,NA,NA,NA,"Nodo 1 - Pies inventariados",25,"IFN3",NA,NA,NA,NA,NA,NA,NA,NA,NA,NA,30,NA,NA,1542.03,NA,NA,0,0,29.99,NA,NA,NA,NA,NA,NA,NA,NA,NA,NA,NA,NA,NA,NA,NA,NA,15.74,NA,NA,26.41,NA,NA,550.12,NA,NA,NA,NA,NA,NA,NA,NA,10.06,NA,NA,2.26,NA,NA,2.39,NA,NA,0.69,NA,NA,47.42,38.08,725.5,NA,NA,NA,NA,NA,25.32,27.21,19.34,113.71,74.36,39.34,NA,NA,NA,NA,NA,NA,NA,NA,0,0,33.49,101.13,NA,NA,NA,NA,NA,NA,NA,NA,NA,NA,NA,NA,NA,NA,NA,NA,53.4,4.06,12.38,17.47,87.31,NA,NA,NA,NA,NA,NA,NA,NA,NA,NA,NA,NA,NA,NA,NA,NA,NA,NA,NA,NA,NA,NA,NA,NA,NA,NA,NA,NA,NA,NA,NA,NA,NA,NA,NA,NA,NA,NA,4.93178805,346.6,17.3461514,13.1821315,NA,NA,NA,NA,NA,NA,NA,NA
"35","19_611","Nodo 3 - Pies inventariados","IFN2",NA,NA,284.7,NA,11.96,NA,NA,NA,NA,NA,30,NA,NA,159.15,NA,NA,0,0,6.02,NA,NA,NA,NA,NA,NA,NA,NA,NA,0,NA,NA,NA,NA,NA,NA,21.95,NA,NA,22.59,NA,NA,401.37,NA,NA,NA,NA,NA,NA,NA,NA,9.52,NA,NA,3.49,NA,NA,3.49,NA,NA,0.15,NA,NA,42.88,42.13,124.41,NA,NA,869.38,NA,NA,83.28,89.49,18.89,26.53,17.63,8.9,0,0,NA,NA,NA,NA,NA,NA,0,0,16.51,24.47,NA,NA,NA,NA,NA,NA,NA,NA,NA,NA,NA,NA,NA,NA,NA,NA,12.19,1,2.66,4.09,19.93,NA,0,NA,NA,NA,NA,NA,NA,NA,NA,NA,NA,NA,NA,NA,NA,NA,NA,NA,NA,NA,NA,NA,NA,NA,NA,NA,NA,NA,NA,NA,NA,NA,NA,NA,NA,NA,NA,"Nodo 1 - Pies inventariados",25,"IFN3",NA,NA,NA,NA,NA,NA,NA,NA,NA,NA,30,NA,NA,399.66,NA,NA,0,0,17.58,NA,NA,NA,NA,NA,NA,NA,NA,NA,NA,NA,NA,NA,NA,NA,NA,23.67,NA,NA,28.95,NA,NA,666.18,NA,NA,NA,NA,NA,NA,NA,NA,11.35,NA,NA,3.52,NA,NA,3.61,NA,NA,0.41,NA,NA,43.5,39.2,365.54,NA,NA,NA,NA,NA,44.08,47.36,20.94,84.75,57,27.75,NA,NA,NA,NA,NA,NA,NA,NA,0,7.56,44.84,78.51,NA,NA,NA,NA,NA,NA,NA,NA,NA,NA,NA,NA,NA,NA,NA,NA,38.45,3.42,8.09,13.31,63.26,NA,NA,NA,NA,NA,NA,NA,NA,NA,NA,NA,NA,NA,NA,NA,NA,NA,NA,NA,NA,NA,NA,NA,NA,NA,NA,NA,NA,NA,NA,NA,NA,NA,NA,NA,NA,NA,NA,14.12312952,328.95,69.0320897,51.1109189,NA,NA,NA,NA,NA,NA,NA,NA
"36","19_613","Nodo 3 - Pies inventariados","IFN2",NA,NA,284.7,NA,11.96,NA,NA,NA,NA,NA,30,NA,NA,155.62,NA,NA,0,0,5.87,NA,NA,NA,NA,NA,NA,NA,NA,NA,0,NA,NA,NA,NA,NA,NA,21.91,NA,NA,25.23,NA,NA,515.44,NA,NA,NA,NA,NA,NA,NA,NA,10.86,NA,NA,4.13,NA,NA,4.15,NA,NA,0.12,NA,NA,40.12,43.05,121.23,NA,NA,869.38,NA,NA,73.78,79.28,19.79,26.84,18.18,8.66,0,0,NA,NA,NA,NA,NA,NA,0,4.49,17.25,25.13,NA,NA,NA,NA,NA,NA,NA,NA,NA,NA,NA,NA,NA,NA,NA,NA,11.88,1.05,2.37,4.02,19.31,NA,0,NA,NA,NA,NA,NA,NA,NA,NA,NA,NA,NA,NA,NA,NA,NA,NA,NA,NA,NA,NA,NA,NA,NA,NA,NA,NA,NA,NA,NA,NA,NA,NA,NA,NA,NA,NA,"Nodo 1 - Pies inventariados",25,"IFN3",NA,NA,NA,NA,NA,NA,NA,NA,NA,NA,30,NA,NA,190.99,NA,NA,0,0,8.69,NA,NA,NA,NA,NA,NA,NA,NA,NA,NA,NA,NA,NA,NA,NA,NA,24.07,NA,NA,28.43,NA,NA,646.78,NA,NA,NA,NA,NA,NA,NA,NA,12.15,NA,NA,4.19,NA,NA,4.24,NA,NA,0.18,NA,NA,41.24,42.72,179.52,NA,NA,NA,NA,NA,59.57,64.02,21.99,42.66,29.06,13.6,NA,NA,NA,NA,NA,NA,NA,NA,0,10.19,24.01,39.99,NA,NA,NA,NA,NA,NA,NA,NA,NA,NA,NA,NA,NA,NA,NA,NA,18.64,1.68,3.62,6.32,30.26,NA,NA,NA,NA,NA,NA,NA,NA,NA,NA,NA,NA,NA,NA,NA,NA,NA,NA,NA,NA,NA,NA,NA,NA,NA,NA,NA,NA,NA,NA,NA,NA,NA,NA,NA,NA,NA,NA,3.85354025,70.75,20.195729,14.6088845,NA,NA,NA,NA,NA,NA,NA,NA
"37","19_616","Nodo 3 - Pies inventariados","IFN2",NA,NA,284.7,NA,11.96,NA,NA,NA,NA,NA,35,NA,NA,710.89,NA,NA,0,0,31.39,NA,NA,NA,NA,NA,NA,NA,NA,NA,0,NA,NA,NA,NA,NA,NA,23.71,NA,NA,27.87,NA,NA,610.33,NA,NA,NA,NA,NA,NA,NA,NA,11.11,NA,NA,3.49,NA,NA,3.52,NA,NA,0.69,NA,NA,44.04,39.87,643.21,NA,NA,869.38,NA,NA,33.75,36.27,20.04,152.05,101.98,50.08,0,0,NA,NA,NA,NA,NA,NA,0,0,90.86,141.16,NA,NA,NA,NA,NA,NA,NA,NA,NA,NA,NA,NA,NA,NA,NA,NA,68.52,5.81,14.29,23.04,111.65,NA,0,NA,NA,NA,NA,NA,NA,NA,NA,NA,NA,NA,NA,NA,NA,NA,NA,NA,NA,NA,NA,NA,NA,NA,NA,NA,NA,NA,NA,NA,NA,NA,NA,NA,NA,NA,NA,"Nodo 1 - Pies inventariados",25,"IFN3",NA,NA,NA,NA,NA,NA,NA,NA,NA,NA,35,NA,NA,679.06,NA,NA,0,0,31.44,NA,NA,NA,NA,NA,NA,NA,NA,NA,NA,NA,NA,NA,NA,NA,NA,24.28,NA,NA,30.55,NA,NA,733.71,NA,NA,NA,NA,NA,NA,NA,NA,11.92,NA,NA,3.51,NA,NA,3.58,NA,NA,0.68,NA,NA,46.05,39.03,647.43,NA,NA,NA,NA,NA,32.18,34.58,20.06,162.48,109.52,52.96,NA,NA,NA,NA,NA,NA,NA,NA,0,13.84,93.9,151.26,NA,NA,NA,NA,NA,NA,NA,NA,NA,NA,NA,NA,NA,NA,NA,NA,72.04,6.18,14.53,24.04,116.79,NA,NA,NA,NA,NA,NA,NA,NA,NA,NA,NA,NA,NA,NA,NA,NA,NA,NA,NA,NA,NA,NA,NA,NA,NA,NA,NA,NA,NA,NA,NA,NA,NA,NA,NA,NA,NA,NA,10.56231249,215.78,53.9648472,39.5121434,NA,NA,NA,NA,NA,NA,NA,NA
"38","19_617","Nodo 3 - Pies inventariados","IFN2",NA,NA,284.7,NA,11.96,NA,NA,NA,NA,NA,35,NA,NA,523.44,NA,NA,0,0,18.59,NA,NA,NA,NA,NA,NA,NA,NA,NA,0,NA,NA,NA,NA,NA,NA,21.26,NA,NA,26.9,NA,NA,569.02,NA,NA,NA,NA,NA,NA,NA,NA,9.69,NA,NA,3.21,NA,NA,3.29,NA,NA,0.44,NA,NA,38.36,36.03,385.37,NA,NA,869.38,NA,NA,45.1,48.46,18.02,72.87,48.4,24.47,0,0,NA,NA,NA,NA,NA,NA,0,0,39.7,66.27,NA,NA,NA,NA,NA,NA,NA,NA,NA,NA,NA,NA,NA,NA,NA,NA,35.07,3.18,8.26,12.89,59.4,NA,0,NA,NA,NA,NA,NA,NA,NA,NA,NA,NA,NA,NA,NA,NA,NA,NA,NA,NA,NA,NA,NA,NA,NA,NA,NA,NA,NA,NA,NA,NA,NA,NA,NA,NA,NA,NA,"Nodo 1 - Pies inventariados",25,"IFN3",NA,NA,NA,NA,NA,NA,NA,NA,NA,NA,35,NA,NA,417.34,NA,NA,0,0,18.75,NA,NA,NA,NA,NA,NA,NA,NA,NA,NA,NA,NA,NA,NA,NA,NA,23.92,NA,NA,29.47,NA,NA,684.98,NA,NA,NA,NA,NA,NA,NA,NA,9.35,NA,NA,3.63,NA,NA,3.69,NA,NA,0.45,NA,NA,35.62,31.73,388.34,NA,NA,NA,NA,NA,52.36,56.26,17.02,74.54,49.87,24.67,NA,NA,NA,NA,NA,NA,NA,NA,0,4.73,40.48,68.15,NA,NA,NA,NA,NA,NA,NA,NA,NA,NA,NA,NA,NA,NA,NA,NA,36.28,3.61,8.61,14.12,62.62,NA,NA,NA,NA,NA,NA,NA,NA,NA,NA,NA,NA,NA,NA,NA,NA,NA,NA,NA,NA,NA,NA,NA,NA,NA,NA,NA,NA,NA,NA,NA,NA,NA,NA,NA,NA,NA,NA,6.22529338,148.56,24.5837875,20.4443098,NA,NA,NA,NA,NA,NA,NA,NA
"39","42_1858","Nodo 3 - Pies inventariados","IFN2",NA,NA,416.5,NA,19.46,NA,NA,NA,NA,NA,25,NA,NA,986.76,NA,NA,0,0,14.65,NA,NA,NA,NA,NA,NA,NA,NA,NA,0,NA,NA,NA,NA,NA,NA,13.75,NA,NA,19.32,NA,NA,293.42,NA,NA,NA,NA,NA,NA,NA,NA,7.84,NA,NA,2.51,NA,NA,2.53,NA,NA,0.3,NA,NA,49.04,40.6,313.54,NA,NA,1013.64,NA,NA,40.59,43.62,18.93,39.94,25.79,14.14,0,0,NA,NA,NA,NA,NA,NA,0,0,4.03,35.46,NA,NA,NA,NA,NA,NA,NA,NA,NA,NA,NA,NA,NA,NA,NA,NA,19.52,1.45,4.9,6.57,32.45,NA,0,NA,NA,NA,NA,NA,NA,NA,NA,NA,NA,NA,NA,NA,NA,NA,NA,NA,NA,NA,NA,NA,NA,NA,NA,NA,NA,NA,NA,NA,NA,NA,NA,NA,NA,NA,NA,"Nodo 1 - Pies inventariados",25,"IFN3",NA,NA,NA,NA,NA,NA,NA,NA,NA,NA,27,NA,NA,700.28,NA,NA,0,0,10.15,NA,NA,NA,NA,NA,NA,NA,NA,NA,NA,NA,NA,NA,NA,NA,NA,13.59,NA,NA,20.57,NA,NA,333.68,NA,NA,NA,NA,NA,NA,NA,NA,8.99,NA,NA,2.53,NA,NA,2.6,NA,NA,0.17,NA,NA,56.41,43.67,259.38,NA,NA,NA,NA,NA,42.05,45.19,18.78,25.91,16.89,9.01,NA,NA,NA,NA,NA,NA,NA,NA,0,0,6.81,23.5,NA,NA,NA,NA,NA,NA,NA,NA,NA,NA,NA,NA,NA,NA,NA,NA,12.05,0.87,2.75,3.82,19.5,NA,NA,NA,NA,NA,NA,NA,NA,NA,NA,NA,NA,NA,NA,NA,NA,NA,NA,NA,NA,NA,NA,NA,NA,NA,NA,NA,NA,NA,NA,NA,NA,NA,NA,NA,NA,NA,NA,NA,NA,NA,NA,NA,NA,NA,NA,NA,NA,NA,NA
"40","42_1890","Nodo 3 - Pies inventariados","IFN2",NA,NA,416.5,NA,19.46,NA,NA,NA,NA,NA,30,NA,NA,834.68,NA,NA,0,0,23.79,NA,NA,NA,NA,NA,NA,NA,NA,NA,0,NA,NA,NA,NA,NA,NA,19.05,NA,NA,29.79,NA,NA,699.58,NA,NA,NA,NA,NA,NA,NA,NA,9.88,NA,NA,3.33,NA,NA,3.41,NA,NA,0.5,NA,NA,46.49,33.15,495.69,NA,NA,1013.64,NA,NA,35.05,37.66,20.83,96.3,64.32,31.98,0,0,NA,NA,NA,NA,NA,NA,0,7.09,43.61,88.6,NA,NA,NA,NA,NA,NA,NA,NA,NA,NA,NA,NA,NA,NA,NA,NA,44.67,3.98,9.83,15.77,74.24,NA,0,NA,NA,NA,NA,NA,NA,NA,NA,NA,NA,NA,NA,NA,NA,NA,NA,NA,NA,NA,NA,NA,NA,NA,NA,NA,NA,NA,NA,NA,NA,NA,NA,NA,NA,NA,NA,"Nodo 1 - Pies inventariados",25,"IFN3",NA,NA,NA,NA,NA,NA,NA,NA,NA,NA,32,NA,NA,399.66,NA,NA,0,0,NA,NA,NA,NA,NA,NA,NA,NA,NA,NA,NA,NA,NA,NA,NA,NA,NA,18.87,NA,NA,30.37,NA,NA,733.01,NA,NA,NA,NA,NA,NA,NA,NA,11.96,NA,NA,4.27,NA,NA,4.33,NA,NA,0.21,NA,NA,51.68,39.36,252.74,NA,NA,NA,NA,NA,41.84,44.96,20.8,48.56,33.12,15.44,NA,NA,NA,NA,NA,NA,NA,NA,0,12.86,24.41,45.41,NA,NA,NA,NA,NA,NA,NA,NA,NA,NA,NA,NA,NA,NA,NA,NA,21.72,2.08,4.37,7.73,35.91,NA,NA,NA,NA,NA,NA,NA,NA,NA,NA,NA,NA,NA,NA,NA,NA,NA,NA,NA,NA,NA,NA,NA,NA,NA,NA,NA,NA,NA,NA,NA,NA,NA,NA,NA,NA,NA,NA,NA,NA,NA,NA,0,0,0,0,NA,NA,NA,NA
"41","42_1902","Nodo 3 - Pies inventariados","IFN2",NA,NA,416.5,NA,19.46,NA,NA,NA,NA,NA,25,NA,NA,668.45,NA,NA,0,0,15.35,NA,NA,NA,NA,NA,NA,NA,NA,NA,0,NA,NA,NA,NA,NA,NA,17.1,NA,NA,22.89,NA,NA,413.48,NA,NA,NA,NA,NA,NA,NA,NA,7.45,NA,NA,2.65,NA,NA,2.69,NA,NA,0.38,NA,NA,42.61,32.53,322.76,NA,NA,1013.64,NA,NA,51.94,55.81,19.88,52.98,34.44,18.54,0,0,NA,NA,NA,NA,NA,NA,0,0,7.94,46.74,NA,NA,NA,NA,NA,NA,NA,NA,NA,NA,NA,NA,NA,NA,NA,NA,25.73,2.01,6.33,8.81,42.88,NA,0,NA,NA,NA,NA,NA,NA,NA,NA,NA,NA,NA,NA,NA,NA,NA,NA,NA,NA,NA,NA,NA,NA,NA,NA,NA,NA,NA,NA,NA,NA,NA,NA,NA,NA,NA,NA,"Nodo 1 - Pies inventariados",25,"IFN3",NA,NA,NA,NA,NA,NA,NA,NA,NA,NA,27,NA,NA,251.11,NA,NA,0,0,5.92,NA,NA,NA,NA,NA,NA,NA,NA,NA,NA,NA,NA,NA,NA,NA,NA,17.33,NA,NA,20.66,NA,NA,339.49,NA,NA,NA,NA,NA,NA,NA,NA,7.94,NA,NA,2.73,NA,NA,2.79,NA,NA,0.15,NA,NA,44.72,38.42,138.2,NA,NA,NA,NA,NA,79.51,85.44,18.2,21.79,14.22,7.57,NA,NA,NA,NA,NA,NA,NA,NA,0,0,4.8,19.49,NA,NA,NA,NA,NA,NA,NA,NA,NA,NA,NA,NA,NA,NA,NA,NA,10.38,0.8,2.46,3.48,17.13,NA,NA,NA,NA,NA,NA,NA,NA,NA,NA,NA,NA,NA,NA,NA,NA,NA,NA,NA,NA,NA,NA,NA,NA,NA,NA,NA,NA,NA,NA,NA,NA,NA,NA,NA,NA,NA,NA,NA,NA,NA,NA,NA,NA,NA,NA,NA,NA,NA,NA
"42","42_1927","Nodo 3 - Pies inventariados","IFN2",NA,NA,416.5,NA,19.46,NA,NA,NA,NA,NA,30,NA,NA,190.99,NA,NA,0,0,6.88,NA,NA,NA,NA,NA,NA,NA,NA,NA,0,NA,NA,NA,NA,NA,NA,21.42,NA,NA,24.87,NA,NA,494.17,NA,NA,NA,NA,NA,NA,NA,NA,11.02,NA,NA,3.8,NA,NA,3.83,NA,NA,0.15,NA,NA,47.29,44.3,142.04,NA,NA,1013.64,NA,NA,65.69,70.58,21.48,28.85,19.41,9.44,0,0,NA,NA,NA,NA,NA,NA,0,4.76,16.9,26.8,NA,NA,NA,NA,NA,NA,NA,NA,NA,NA,NA,NA,NA,NA,NA,NA,13.01,1.13,2.72,4.45,21.32,NA,0,NA,NA,NA,NA,NA,NA,NA,NA,NA,NA,NA,NA,NA,NA,NA,NA,NA,NA,NA,NA,NA,NA,NA,NA,NA,NA,NA,NA,NA,NA,NA,NA,NA,NA,NA,NA,"Nodo 1 - Pies inventariados",25,"IFN3",NA,NA,NA,NA,NA,NA,NA,NA,NA,NA,32,NA,NA,155.62,NA,NA,0,0,4.77,NA,NA,NA,NA,NA,NA,NA,NA,NA,NA,NA,NA,NA,NA,NA,NA,19.76,NA,NA,21.03,NA,NA,356.74,NA,NA,NA,NA,NA,NA,NA,NA,10.7,NA,NA,3.39,NA,NA,3.43,NA,NA,0.08,NA,NA,53.99,50.9,106.1,NA,NA,NA,NA,NA,74.9,80.48,19.66,17.22,11.5,5.71,NA,NA,NA,NA,NA,NA,NA,NA,0,0,10.25,16.06,NA,NA,NA,NA,NA,NA,NA,NA,NA,NA,NA,NA,NA,NA,NA,NA,7.51,0.58,1.5,2.33,11.92,NA,NA,NA,NA,NA,NA,NA,NA,NA,NA,NA,NA,NA,NA,NA,NA,NA,NA,NA,NA,NA,NA,NA,NA,NA,NA,NA,NA,NA,NA,NA,NA,NA,NA,NA,NA,NA,NA,NA,NA,NA,NA,NA,NA,NA,NA,NA,NA,NA,NA
"43","42_1928","Nodo 3 - Pies inventariados","IFN2",NA,NA,416.5,NA,19.46,NA,NA,NA,NA,NA,30,NA,NA,587.1,NA,NA,0,0,14.31,NA,NA,NA,NA,NA,NA,NA,NA,NA,0,NA,NA,NA,NA,NA,NA,17.62,NA,NA,23.45,NA,NA,440.93,NA,NA,NA,NA,NA,NA,NA,NA,9.42,NA,NA,2.9,NA,NA,2.95,NA,NA,0.29,NA,NA,43.66,40.16,300.07,NA,NA,1013.64,NA,NA,43.83,47.09,21.7,42.77,28.13,14.64,0,0,NA,NA,NA,NA,NA,NA,0,2.35,10.68,38.72,NA,NA,NA,NA,NA,NA,NA,NA,NA,NA,NA,NA,NA,NA,NA,NA,20.71,1.74,5.02,7.36,34.84,NA,0,NA,NA,NA,NA,NA,NA,NA,NA,NA,NA,NA,NA,NA,NA,NA,NA,NA,NA,NA,NA,NA,NA,NA,NA,NA,NA,NA,NA,NA,NA,NA,NA,NA,NA,NA,NA,"Nodo 1 - Pies inventariados",25,"IFN3",NA,NA,NA,NA,NA,NA,NA,NA,NA,NA,32,NA,NA,268.8,NA,NA,0,0,NA,NA,NA,NA,NA,NA,NA,NA,NA,NA,NA,NA,NA,NA,NA,NA,NA,18.42,NA,NA,20.9,NA,NA,345.03,NA,NA,NA,NA,NA,NA,NA,NA,9.27,NA,NA,3.15,NA,NA,3.18,NA,NA,0.09,NA,NA,47.4,44.34,163.37,NA,NA,NA,NA,NA,65.81,70.72,17.92,14.68,9.7,4.98,NA,NA,NA,NA,NA,NA,NA,NA,0,0,6.85,13.51,NA,NA,NA,NA,NA,NA,NA,NA,NA,NA,NA,NA,NA,NA,NA,NA,6.75,0.53,1.49,2.21,10.98,NA,NA,NA,NA,NA,NA,NA,NA,NA,NA,NA,NA,NA,NA,NA,NA,NA,NA,NA,NA,NA,NA,NA,NA,NA,NA,NA,NA,NA,NA,NA,NA,NA,NA,NA,NA,NA,NA,NA,NA,NA,NA,0,0,0,0,NA,NA,NA,NA
"44","42_1980","Nodo 3 - Pies inventariados","IFN2",NA,NA,416.5,NA,19.46,NA,NA,NA,NA,NA,27,NA,NA,1000.91,NA,NA,0,0,20.97,NA,NA,NA,NA,NA,NA,NA,NA,NA,0,NA,NA,NA,NA,NA,NA,16.33,NA,NA,28.58,NA,NA,680.94,NA,NA,NA,NA,NA,NA,NA,NA,10.24,NA,NA,3.58,NA,NA,3.66,NA,NA,0.38,NA,NA,57.92,35.84,442.42,NA,NA,1013.64,NA,NA,30.86,33.16,22.65,75.58,50.91,24.67,0,0,NA,NA,NA,NA,NA,NA,0,11.27,39.57,69.8,NA,NA,NA,NA,NA,NA,NA,NA,NA,NA,NA,NA,NA,NA,NA,NA,35.12,3.36,7.65,12.84,58.97,NA,0,NA,NA,NA,NA,NA,NA,NA,NA,NA,NA,NA,NA,NA,NA,NA,NA,NA,NA,NA,NA,NA,NA,NA,NA,NA,NA,NA,NA,NA,NA,NA,NA,NA,NA,NA,NA,"Nodo 1 - Pies inventariados",25,"IFN3",NA,NA,NA,NA,NA,NA,NA,NA,NA,NA,29,NA,NA,807.94,NA,NA,0,0,NA,NA,NA,NA,NA,NA,NA,NA,NA,NA,NA,NA,NA,NA,NA,NA,NA,14.79,NA,NA,25.77,NA,NA,543.64,NA,NA,NA,NA,NA,NA,NA,NA,11.8,NA,NA,3.63,NA,NA,3.7,NA,NA,0.18,NA,NA,71.09,45.8,343.49,NA,NA,NA,NA,NA,29.81,32.04,21.93,42.85,28.92,13.93,NA,NA,NA,NA,NA,NA,NA,NA,0,4.11,22.92,40.09,NA,NA,NA,NA,NA,NA,NA,NA,NA,NA,NA,NA,NA,NA,NA,NA,18.69,1.6,3.66,6.13,30.09,NA,NA,NA,NA,NA,NA,NA,NA,NA,NA,NA,NA,NA,NA,NA,NA,NA,NA,NA,NA,NA,NA,NA,NA,NA,NA,NA,NA,NA,NA,NA,NA,NA,NA,NA,NA,NA,NA,NA,NA,NA,NA,0,0,0,0,NA,NA,NA,NA
"45","44_1589","Nodo 3 - Pies inventariados","IFN2",NA,NA,344.6,NA,15.66,NA,NA,NA,NA,NA,35,NA,NA,31.83,NA,NA,0,0,2,NA,NA,NA,NA,NA,NA,NA,NA,NA,0,NA,NA,NA,NA,NA,NA,28.25,NA,NA,28.25,NA,NA,626.95,NA,NA,NA,NA,NA,NA,NA,NA,9.78,NA,NA,4.63,NA,NA,4.63,NA,NA,0.05,NA,NA,34.62,34.62,40.18,NA,NA,951.38,NA,NA,181.22,194.74,16.8,8.92,6.04,2.88,0,0,NA,NA,NA,NA,NA,NA,0,0,6.3,8.24,NA,NA,NA,NA,NA,NA,NA,NA,NA,NA,NA,NA,NA,NA,NA,NA,4.25,0.44,0.95,1.66,7.29,NA,0,NA,NA,NA,NA,NA,NA,NA,NA,NA,NA,NA,NA,NA,NA,NA,NA,NA,NA,NA,NA,NA,NA,NA,NA,NA,NA,NA,NA,NA,NA,NA,NA,NA,NA,NA,NA,"Nodo 1 - Pies inventariados",25,"IFN3",NA,NA,NA,NA,NA,NA,NA,NA,NA,NA,36,NA,NA,14.15,NA,NA,0,0,0.8,NA,NA,NA,NA,NA,NA,NA,NA,NA,NA,NA,NA,NA,NA,NA,NA,26.82,NA,NA,26.82,NA,NA,564.97,NA,NA,NA,NA,NA,NA,NA,NA,7.95,NA,NA,4.54,NA,NA,4.54,NA,NA,0.02,NA,NA,29.66,29.66,15.86,NA,NA,NA,NA,NA,334.23,359.16,15.12,2.93,1.97,0.96,NA,NA,NA,NA,NA,NA,NA,NA,0,0,1.53,2.69,NA,NA,NA,NA,NA,NA,NA,NA,NA,NA,NA,NA,NA,NA,NA,NA,1.49,0.17,0.38,0.64,2.67,NA,NA,NA,NA,NA,NA,NA,NA,NA,NA,NA,NA,NA,NA,NA,NA,NA,NA,NA,NA,NA,NA,NA,NA,NA,NA,NA,NA,NA,NA,NA,NA,NA,NA,NA,NA,NA,NA,NA,NA,NA,NA,NA,NA,NA,NA,NA,NA,NA,NA
"46","44_1615","Nodo 3 - Pies inventariados","IFN2",NA,NA,344.6,NA,15.66,NA,NA,NA,NA,NA,35,NA,NA,834.68,NA,NA,0,0,15.04,NA,NA,NA,NA,NA,NA,NA,NA,NA,0,NA,NA,NA,NA,NA,NA,15.15,NA,NA,29.87,NA,NA,741.02,NA,NA,NA,NA,NA,NA,NA,NA,9.02,NA,NA,3.3,NA,NA,3.5,NA,NA,0.28,NA,NA,46.43,30.2,321.56,NA,NA,951.38,NA,NA,38.37,41.23,17.59,47.73,32.05,15.68,0,0,NA,NA,NA,NA,NA,NA,0,9.37,13.45,43.86,NA,NA,NA,NA,NA,NA,NA,NA,NA,NA,NA,NA,NA,NA,NA,NA,23.17,2.47,5.45,9.3,40.38,NA,0,NA,NA,NA,NA,NA,NA,NA,NA,NA,NA,NA,NA,NA,NA,NA,NA,NA,NA,NA,NA,NA,NA,NA,NA,NA,NA,NA,NA,NA,NA,NA,NA,NA,NA,NA,NA,"Nodo 1 - Pies inventariados",25,"IFN3",NA,NA,NA,NA,NA,NA,NA,NA,NA,NA,35,NA,NA,908.95,NA,NA,0,0,NA,NA,NA,NA,NA,NA,NA,NA,NA,NA,NA,NA,NA,NA,NA,NA,NA,17.02,NA,NA,29.41,NA,NA,697.95,NA,NA,NA,NA,NA,NA,NA,NA,8.46,NA,NA,3.9,NA,NA,4.01,NA,NA,0.22,NA,NA,47.19,28.77,486.05,NA,NA,NA,NA,NA,39.19,42.12,15.92,35.79,24.11,11.69,NA,NA,NA,NA,NA,NA,NA,NA,0,8.07,14.82,32.77,NA,NA,NA,NA,NA,NA,NA,NA,NA,NA,NA,NA,NA,NA,NA,NA,17.95,2.05,4.43,7.69,32.13,NA,NA,NA,NA,NA,NA,NA,NA,NA,NA,NA,NA,NA,NA,NA,NA,NA,NA,NA,NA,NA,NA,NA,NA,NA,NA,NA,NA,NA,NA,NA,NA,NA,NA,NA,NA,NA,NA,10.95983905,597.71,9.458143,8.214641,0,0,0,0,NA,NA,NA,NA
"47","44_164","Nodo 3 - Pies inventariados","IFN2",NA,NA,344.6,NA,15.66,NA,NA,NA,NA,NA,42,NA,NA,671.99,NA,NA,0,0,34.05,NA,NA,NA,NA,NA,NA,NA,NA,NA,0,NA,NA,NA,NA,NA,NA,25.4,NA,NA,33.43,NA,NA,880.3,NA,NA,NA,NA,NA,NA,NA,NA,12.2,NA,NA,3.66,NA,NA,3.74,NA,NA,0.74,NA,NA,42.69,36.51,692.69,NA,NA,951.38,NA,NA,31.61,33.97,19.05,170.47,115.3,55.17,0,0,NA,NA,NA,NA,NA,NA,0,30.27,88.47,158.66,NA,NA,NA,NA,NA,NA,NA,NA,NA,NA,NA,NA,NA,NA,NA,NA,77.03,7.13,16,27.19,127.36,NA,0,NA,NA,NA,NA,NA,NA,NA,NA,NA,NA,NA,NA,NA,NA,NA,NA,NA,NA,NA,NA,NA,NA,NA,NA,NA,NA,NA,NA,NA,NA,NA,NA,NA,NA,NA,NA,"Nodo 1 - Pies inventariados",25,"IFN3",NA,NA,NA,NA,NA,NA,NA,NA,NA,NA,43,NA,NA,601.25,NA,NA,0,0,25.28,NA,NA,NA,NA,NA,NA,NA,NA,NA,NA,NA,NA,NA,NA,NA,NA,23.14,NA,NA,31.64,NA,NA,788.97,NA,NA,NA,NA,NA,NA,NA,NA,10.8,NA,NA,3.38,NA,NA,3.5,NA,NA,0.58,NA,NA,39.95,34.13,529.96,NA,NA,NA,NA,NA,37.76,40.58,16.51,110.08,73.9,36.18,NA,NA,NA,NA,NA,NA,NA,NA,0,12.39,53.44,101.4,NA,NA,NA,NA,NA,NA,NA,NA,NA,NA,NA,NA,NA,NA,NA,NA,51.84,4.96,11.63,19.24,87.68,NA,NA,NA,NA,NA,NA,NA,NA,NA,NA,NA,NA,NA,NA,NA,NA,NA,NA,NA,NA,NA,NA,NA,NA,NA,NA,NA,NA,NA,NA,NA,NA,NA,NA,NA,NA,NA,NA,NA,NA,NA,NA,NA,NA,NA,NA,0.87643905,63.66,3.3701604,2.3095848
"48","44_168","Nodo 3 - Pies inventariados","IFN2",NA,NA,344.6,NA,15.66,NA,NA,NA,NA,NA,40,NA,NA,954.93,NA,NA,0,0,19.3,NA,NA,NA,NA,NA,NA,NA,NA,NA,0,NA,NA,NA,NA,NA,NA,16.04,NA,NA,18.29,NA,NA,262.74,NA,NA,NA,NA,NA,NA,NA,NA,6.61,NA,NA,2.5,NA,NA,2.51,NA,NA,0.47,NA,NA,40.88,36.12,410.35,NA,NA,951.38,NA,NA,48.99,52.64,12.37,60.76,39.16,21.6,0,0,NA,NA,NA,NA,NA,NA,0,0,0,53.09,NA,NA,NA,NA,NA,NA,NA,NA,NA,NA,NA,NA,NA,NA,NA,NA,30.08,2.25,7.73,10.24,50.3,NA,0,NA,NA,NA,NA,NA,NA,NA,NA,NA,NA,NA,NA,NA,NA,NA,NA,NA,NA,NA,NA,NA,NA,NA,NA,NA,NA,NA,NA,NA,NA,NA,NA,NA,NA,NA,NA,"Nodo 1 - Pies inventariados",25,"IFN3",NA,NA,NA,NA,NA,NA,NA,NA,NA,NA,41,NA,NA,477.46,NA,NA,0,0,9.23,NA,NA,NA,NA,NA,NA,NA,NA,NA,NA,NA,NA,NA,NA,NA,NA,15.69,NA,NA,18.71,NA,NA,275.04,NA,NA,NA,NA,NA,NA,NA,NA,7.09,NA,NA,2.49,NA,NA,2.52,NA,NA,0.24,NA,NA,40.55,37.88,223.52,NA,NA,NA,NA,NA,64.58,69.39,12.82,28.67,18.48,10.19,NA,NA,NA,NA,NA,NA,NA,NA,0,0,0,24.91,NA,NA,NA,NA,NA,NA,NA,NA,NA,NA,NA,NA,NA,NA,NA,NA,14.26,1.08,3.69,4.91,23.95,NA,NA,NA,NA,NA,NA,NA,NA,NA,NA,NA,NA,NA,NA,NA,NA,NA,NA,NA,NA,NA,NA,NA,NA,NA,NA,NA,NA,NA,NA,NA,NA,NA,NA,NA,NA,NA,NA,NA,NA,NA,NA,NA,NA,NA,NA,NA,NA,NA,NA
"49","44_317","Nodo 3 - Pies inventariados","IFN2",NA,NA,344.6,NA,15.66,NA,NA,NA,NA,NA,40,NA,NA,760.41,NA,NA,0,0,21.38,NA,NA,NA,NA,NA,NA,NA,NA,NA,0,NA,NA,NA,NA,NA,NA,18.92,NA,NA,26.18,NA,NA,538.45,NA,NA,NA,NA,NA,NA,NA,NA,11.42,NA,NA,3.47,NA,NA,3.5,NA,NA,0.34,NA,NA,52.21,43.62,447.43,NA,NA,951.38,NA,NA,31.75,34.12,18.7,72.48,48.54,23.93,0,0,NA,NA,NA,NA,NA,NA,0,0,41.11,67.36,NA,NA,NA,NA,NA,NA,NA,NA,NA,NA,NA,NA,NA,NA,NA,NA,32.27,2.63,6.63,10.54,52.07,NA,0,NA,NA,NA,NA,NA,NA,NA,NA,NA,NA,NA,NA,NA,NA,NA,NA,NA,NA,NA,NA,NA,NA,NA,NA,NA,NA,NA,NA,NA,NA,NA,NA,NA,NA,NA,NA,"Nodo 1 - Pies inventariados",25,"IFN3",NA,NA,NA,NA,NA,NA,NA,NA,NA,NA,41,NA,NA,512.83,NA,NA,0,0,NA,NA,NA,NA,NA,NA,NA,NA,NA,NA,NA,NA,NA,NA,NA,NA,NA,19.36,NA,NA,25.72,NA,NA,523.27,NA,NA,NA,NA,NA,NA,NA,NA,11.48,NA,NA,3.23,NA,NA,3.27,NA,NA,0.17,NA,NA,56.87,44.65,338.14,NA,NA,NA,NA,NA,38.46,41.32,17.54,32.59,21.68,10.9,NA,NA,NA,NA,NA,NA,NA,NA,0,0,18.44,30.04,NA,NA,NA,NA,NA,NA,NA,NA,NA,NA,NA,NA,NA,NA,NA,NA,14.63,1.15,3.07,4.71,23.55,NA,NA,NA,NA,NA,NA,NA,NA,NA,NA,NA,NA,NA,NA,NA,NA,NA,NA,NA,NA,NA,NA,NA,NA,NA,NA,NA,NA,NA,NA,NA,NA,NA,NA,NA,NA,NA,NA,NA,NA,NA,NA,0,0,0,0,NA,NA,NA,NA
