"","PLOT_ID","X.1","X","specie.x","IFN3_ID","SUM_DBH","SUM_H","BASAL_AREA","DENSITY","CD_0_75","CD_75_125","CD_125_175","CD_175_225","CD_225_275","CD_275_325","CD_325_375","CD_375_425","CD_425_","MEAN_DBH","MEAN_H","QM_DBH","DOMINANT_H","Estadillo","Clase","Subclase","PosEsp","Ocupa","Estado_pcespparc","FPMasa","Edad","FInfor","Fiabil","Barrena1","Barrena2","Barrena3","AltPer","OrgMasa1","OrgMasa2","TratMasa","INVENTORY_ID","PLOT_ID.x","Provincia","CoorX","Coory","Tipo","Vuelo1","Pasada1","Foto1","Vuelo2","Pasada2","Foto2","Ano","INE","Nivel1","Nivel2","Nivel3","FccTot","FccArb","DisEsp","ComEsp","Rocosid","Textura","MatOrg","PhSuelo","FechaPh","HoraPh","TipSuelo1","TipSuelo2","TipSuelo3","MErosiva","ModComb","EspCMue","PresReg","EfecReg","CortaReg","MejVue1","MejVue2","MejSue1","MejSue2","Orienta1","Orienta2","MaxPend1","MaxPend2","Localiza","Acceso","Levanta","Obser","Equipo","JefeEq","FechaIni","HoraIni","FechaFin","HoraFin","Tiempo","Resid","RumboF1","RumboF2","DistFoto","CarFoto1","NumFoto1","ConFoto1","CarFoto2","NumFoto2","ConFoto2","Estado_pcparcelas","Tecnico","MASTER_CLASE","AGE","MUNICIPALITY","SPECIE_IFN_ID","Fecha_IFN3","Año_IFN3","EXEC_TIME","G_sp.x","N_sp.x","sp_1.x","sp_2.x","sp_3.x","G_sp_1.x","G_sp_2.x","G_sp_3.x","N_sp_1.x","N_sp_2.x","N_sp_3.x","IFN3_specie","specie.y","G_sp.y","N_sp.y","sp_1.y","sp_2.y","sp_3.y","G_sp_1.y","G_sp_2.y","G_sp_3.y","N_sp_1.y","N_sp_2.y","N_sp_3.y"
"1","16_2992",3965,29970,24,"16_2992_A_1",2273.3338393595,903.64639911065,3.09367569444444,178.395007323449,0,127.323954473516,31.8309886183791,0,14.1471060526129,0,0,0,5.09295817894065,12.7432593180016,5.06542426645519,14.8593941988087,5.06542426645519,2992,"A","1",1,7,2,1,15,5,3,NA,NA,NA,NA,2,2,1,"IFN3","16_2992",16,NA,NA,0,1985,"J","0012",1998,"","2-2",2003,126,1,1,2,95,50,1,2,3,2,2,5,"10/22/03 00:00:00","12/30/99 15:08:00",1,1,1,1,7,2,NA,NA,0,0,NA,5,0,380,0,4.5,0,2,2,2,"HE DEJADO EL 10% PARA LAS DEMAS SP.
PIE 2 ENTRA POR PENDIENTE Y MEDIDO POR  DEBAJO DE 1,30 MTRS.
PIE 3 DIAMETRO COMPROBADO.
",2,4,"10/22/03 00:00:00","12/30/99 14:21:44","10/22/03 00:00:00","12/30/99 15:20:35",59,134,195,10,10,64393,12,29,64393,11,30,"D",1,"A1",20,126,26,"0003-10-22",2003,10,16752.5,132.416912652457,24,26,NA,16752.5,14184.2569444444,NA,132.416912652457,45.978094670992,NA,NA,NA,NA,NA,NA,NA,NA,NA,NA,NA,NA,NA,NA
"2","19_1047",5640,44898,26,"19_1047_A_1",12300.9087127469,4801.17411660551,18.7193652777778,657.840431446501,0,0,254.647908947033,318.309886183791,56.5884242104517,28.2942121052258,0,0,0,18.6989247311828,7.29838709677419,19.0344502336927,8.49090909090909,1047,"A","1",1,8,3,3,0,NA,NA,NA,NA,NA,NA,3,5,1,"IFN3","19_1047",19,NA,NA,0,1984,"M","7780",1997,"","3-3",2003,190,1,1,2,80,70,1,2,3,1,2,4,"08/25/03 00:00:00","12/30/99 11:04:00",1,2,1,1,6,2,NA,NA,0,3,NA,1,3,325,0,3.5,0,2,1,2,"PARCELA LOCALIZADA POR PIES IFN2 Y   FOTOS AEREAS. LA MASA PROCEDE   DE REPOBLACION,CON UN MARCO INICIAL DE   1,5X2,5 APROXIMADAMENTE, AUNQUE SE HAN   HECHO CLARAS.",4,59,"08/25/03 00:00:00","12/30/99 09:37:09","08/25/03 00:00:00","12/30/99 11:12:53",96,190,380,180,10,62402,4,37,62402,3,38,"D",3,"A1",35,190,26,"0003-08-25",2003,10,187193.652777778,657.840431446501,26,NA,NA,187193.652777778,NA,NA,657.840431446501,NA,NA,NA,NA,NA,NA,NA,NA,NA,NA,NA,NA,NA,NA,NA
"3","19_1051",5649,44909,26,"19_1051_A_1",9739.39832309571,3344.72954848901,15.9776076388889,481.001605788839,0,0,63.6619772367581,318.309886183791,84.8826363156775,14.1471060526129,0,0,0,20.2481617647059,6.95367647058823,20.56542420652,8.19189189189189,1051,"A","1",1,8,3,1,30,5,3,NA,NA,NA,NA,3,5,1,"IFN3","19_1051",19,NA,NA,0,1984,"M","7781",1997,"","3-3",2003,190,1,1,2,75,60,1,2,4,1,3,4,"08/29/03 00:00:00","12/30/99 13:52:00",1,2,1,1,5,2,NA,NA,0,3,0,1,3,285,0,3.8,0,2,2,2,"PARCELA LOCALIZADA POR PIES IFN2 Y FOTOS AEREAS. 20% RESTANTE DE OCUPACION PARA RESTO DE ESPECIES. 
SE CORRIGE  FORMA A PIES  N.12,14,15,16,17,18 Y 19.",4,59,"08/29/03 00:00:00","12/30/99 12:46:25","08/29/03 00:00:00","12/30/99 14:04:54",78,190,240,40,10,62390,22,19,62390,21,20,"D",3,"A1",30,190,26,"0003-08-29",2003,10,159776.076388889,481.001605788839,26,NA,NA,159776.076388889,NA,NA,481.001605788839,NA,NA,NA,NA,NA,NA,NA,NA,NA,NA,NA,NA,NA,NA,NA
"4","19_1052",5650,44910,26,"19_1052_A_1",18408.7449121369,6904.84878662905,25.8601729166667,1145.91559026165,0,381.971863420549,286.478897565412,364.287980854783,99.0297423682904,0,14.1471060526129,0,0,16.0646604938272,6.02561728395062,16.9509661857261,7.775,1052,"A","1",1,7,3,4,0,NA,NA,NA,NA,NA,NA,3,5,1,"IFN3","19_1052",19,NA,NA,0,1984,"M","7781",1997,"","3-3",2003,190,1,1,1,80,75,1,3,4,2,2,4,"08/27/03 00:00:00","12/30/99 11:04:00",1,2,1,1,6,2,NA,NA,4,0,NA,0,NA,370,0,5.8,0,2,1,2,"PARCELA LOCALIZADA POR PIES IFN2 Y FOTO  AEREAS.SUBPISO DE REBOLLO Y QUEJIGO.
PIE N.2 ENTRA POR CORRECCION DE  PENDIENTE. SE CORRIGE FORMA A PIE N.6.SE CORRIGE FORMA A PIE N.12.
 PIE N.27 ALTURA Y FORMA COMPROBADAS. PIE N.28 ALTURA COMPROBADA. LOS   RUMBOS SON LOS CORRECTOS.TODAS LAS ALTURAS ESTAN COMPROBADAS.
 LEVANTAMIENTO 3 POR CORTAS  Y RUMBOS MAL TOMADOS.",4,59,"08/27/03 00:00:00","12/30/99 09:51:27","08/27/03 00:00:00","12/30/99 11:17:13",86,190,290,90,10,62390,34,7,62390,33,8,"D",3,"A1",35,190,26,"0003-08-27",2003,10,258601.729166667,1145.91559026165,26,NA,NA,258601.729166667,NA,NA,1145.91559026165,NA,NA,NA,NA,NA,NA,NA,NA,NA,NA,NA,NA,NA,NA,NA
"5","19_1062",5659,44929,26,"19_1062_A_1",11677.5518523037,4594.27269058605,17.82561875,622.472666314968,0,0,286.478897565412,222.816920328653,113.176848420903,0,0,0,0,18.7599431818182,7.38068181818182,19.094892745896,8.3625,1062,"A","1",1,7,3,1,30,1,3,NA,NA,NA,NA,2,2,1,"IFN3","19_1062",19,NA,NA,0,1984,"M","7782",1997,"","3-3",2003,190,1,1,2,90,75,1,2,2,1,2,4,"08/28/03 00:00:00","12/30/99 10:02:00",1,2,1,1,6,3,NA,NA,0,3,NA,5,1,160,0,2.2,0,1,1,2,"PARCELA LOCALIZADA POR PIES IFN2 Y   FOTOS AEREAS.EL MARCO DE PLANTACION ES     MUY IIRREGULAR.SE CORRIGE FORMA A  PIES    N.1,6,12,15,16,17 Y  24.
ALGUNOS PINOS TIENEN LAS HOJAS DE  LAS  RAMAS INFERIORES SECAS,PERO SE  DEBE A  LA PODA NATURAL.NO HAY  REGENERACION DE  PINO.
EN EL LEVANTAMIENTO HA ESTADO PRESENTE  EL TECNICO JOSE GUILLERMO ROPERO.",4,59,"08/28/03 00:00:00","12/30/99 09:02:13","08/28/03 00:00:00","12/30/99 10:11:03",69,190,235,35,10,62390,30,11,62390,29,12,"D",3,"A1",30,190,26,"0003-08-28",2003,10,178256.1875,622.472666314968,26,NA,NA,178256.1875,NA,NA,622.472666314968,NA,NA,NA,NA,NA,NA,NA,NA,NA,NA,NA,NA,NA,NA,NA
"6","19_1064",5663,44934,26,"19_1064_A_1",9384.48280000078,4303.19598355353,16.1968027777778,495.148711841452,127.323954473516,0,31.8309886183791,95.4929658551372,212.206590789194,28.2942121052258,0,0,0,18.9528571428571,8.69071428571429,20.4080673824278,10.3375,1064,"A","1",1,8,4,1,35,1,3,NA,NA,NA,NA,2,2,1,"IFN3","19_1064",19,NA,NA,0,1984,"M","7783",1997,"","3-3",2003,190,1,1,2,80,70,1,2,2,1,3,4,"08/28/03 00:00:00","12/30/99 12:26:00",1,2,1,1,9,3,NA,NA,0,3,NA,1,3,265,0,1.2,0,1,1,2,"PARCELA LOCALIZADA POR PIES IFN2 Y  FOTOS AEREAS.
NO SE LE DA OCPACION  AL   RESTO DE SP. POR SER  MUY ESCASAS.NO  HAY      REGENERACION DE PINO  EN 5   METROS.
EL   
SE CORRIGE FORMA A PIE   N.19.",4,59,"08/28/03 00:00:00","12/30/99 11:25:42","08/28/03 00:00:00","12/30/99 12:37:01",71,190,20,220,10,62390,28,13,62390,27,14,"D",3,"A1",35,190,26,"0003-08-28",2003,10,156343.027777778,367.824757367936,26,43,NA,156343.027777778,5625,NA,367.824757367936,127.323954473516,NA,NA,NA,NA,NA,NA,NA,NA,NA,NA,NA,NA,NA,NA
"7","19_1065",5667,44936,26,"19_1065_A_1",22019.970570892,11722.6457528464,27.3188736111111,1641.0643021031,127.323954473516,763.943726841098,318.309886183791,318.309886183791,99.0297423682904,14.1471060526129,0,0,0,13.4181034482759,7.14331896551724,14.5587354539205,11.1875,1065,"A","1",1,6,3,2,30,1,2,NA,NA,NA,NA,2,2,1,"IFN3","19_1065",19,NA,NA,0,1985,"L","0578",1997,"","3-1",2003,190,1,1,2,95,75,1,2,3,1,3,4,"07/10/03 00:00:00","12/30/99 11:57:00",1,2,1,1,7,2,NA,NA,0,0,NA,5,NA,195,0,8.5,0,3,3,3,"

A 84G. PINASTER NO ENTRA POR DIAMETRO.

A 205G. REBOLLO NO    ENTRA POR DISTANCIA.
PIE 15 ENTRA POR PENDIENTE. 
PIE 19    COMPROBADA FORMA.

PIE 27 COMPROBADO  RUMBO.

PIE 28  COMPROBADO RUMBO. PIE 35 COMPROBADO RUMBO. 

LA ENCINA SOLO ESTA PRESENTE.",21,49,"07/10/03 00:00:00","12/30/99 09:38:40","07/10/03 00:00:00","12/30/99 12:01:44",143,190,150,325,10,353437,36,5,353437,35,6,"D",5,"A1",30,190,26,"0003-07-10",2003,10,228974.611111111,1036.2755183539,26,43,NA,228974.611111111,44214.125,NA,1036.2755183539,604.788783749202,NA,NA,NA,NA,NA,NA,NA,NA,NA,NA,NA,NA,NA,NA
"8","19_1067",5671,44940,26,"19_1067_A_1",11145.9743423767,3947.042588679,18.4777881944444,541.126806512444,0,0,95.4929658551372,318.309886183791,127.323954473516,0,0,0,0,20.5977124183007,7.29411764705882,20.851174713385,8.0625,1067,"A","1",1,8,4,2,35,1,2,NA,NA,NA,NA,2,2,1,"IFN3","19_1067",19,NA,NA,0,1984,"M","7783",1997,"","3-4",2003,190,1,1,2,95,70,1,2,3,1,3,4,"09/24/03 00:00:00","12/30/99 12:56:00",1,2,1,1,7,2,NA,NA,0,3,NA,5,NA,115,0,7.8,0,3,2,2,"A 51G. PINO NO ENTRA POR DIAMETRO.

PIE 13 ENTRA POR PENDIENTE. PIE 14 RUMBO COMPROBADO. 
A  376G. PINO NO ENTRA POR  DIAMETRO.

EL PIE 19 ESTA TUMBADO EN EL  SUELO.

EL ENEBRO SOLO ESTA PRESENTE.

MODELO COMBUSTIBLE MEZCLA DE 07 Y 11.

PRESENTE EL TECNICO DOMINGO PICAZO.",21,49,"09/24/03 00:00:00","12/30/99 11:23:15","09/24/03 00:00:00","12/30/99 12:57:24",94,190,230,30,10,64021,40,1,64021,39,2,"D",5,"A1",35,190,26,"0003-09-24",2003,10,184777.881944444,541.126806512444,26,NA,NA,184777.881944444,NA,NA,541.126806512444,NA,NA,NA,NA,NA,NA,NA,NA,NA,NA,NA,NA,NA,NA,NA
"9","19_1074",5675,44955,26,"19_1074_A_1",13811.4659615147,4532.37910160586,21.4621222222222,717.965632170106,0,0,222.816920328653,381.971863420549,99.0297423682904,14.1471060526129,0,0,0,19.2369458128079,6.3128078817734,19.5092045978151,7.45,1074,"A","1",1,7,4,1,30,5,3,NA,NA,NA,NA,2,2,1,"IFN3","19_1074",19,NA,NA,0,1984,"M","7784",1997,"","3-4",2003,190,1,1,2,85,75,1,2,3,1,2,4,"10/22/03 00:00:00","12/30/99 11:58:00",1,2,1,1,4,4,NA,NA,0,0,NA,1,5,75,0,3.8,0,3,2,2,"PARCELA LOCALIZADA POR PIES IFN2 Y  FOTOS AEREAS.
NO SE LE DA OCUPACION AL   RESTO DE  ESPECIES POR SER MUY ESCASAS.
SE CORIGE FORMA A ALGUNOS PIES.",4,59,"10/22/03 00:00:00","12/30/99 10:32:12","10/22/03 00:00:00","12/30/99 12:12:35",100,190,90,290,10,64002,32,9,64002,31,10,"T",3,"A1",30,190,26,"0003-10-22",2003,10,214621.222222222,717.965632170106,26,NA,NA,214621.222222222,NA,NA,717.965632170106,NA,NA,NA,NA,NA,NA,NA,NA,NA,NA,NA,NA,NA,NA,NA
"10","19_2185",5789,47324,26,"19_2185_A_1",2832.69617781051,1517.27712414274,2.83332442883507,222.816920328653,0,127.323954473516,95.4929658551372,0,0,0,0,0,0,12.7131107172306,6.80952380952381,12.724160211043,6.80952380952381,2185,"A","1",1,10,3,3,0,NA,NA,NA,NA,NA,NA,2,2,1,"IFN3","19_2185",19,NA,NA,0,1983,"03","3223",1997,"","3-2",2003,60,1,1,2,85,65,1,1,1,1,3,4,"08/07/03 00:00:00","12/30/99 09:41:00",1,2,1,1,7,3,NA,NA,0,0,NA,5,NA,325,0,7.5,0,1,1,2,"PARCELA ENCONTRADA POR PIES DEL IFN2.PINCHADA EN PINAR DE REPOBLACION DE PINASTER AL BORDE DE UNA PISTA.NO HAY LABORES  SELVICOLAS EN ESTE MONTE.PIE 10 ENTRA MUY JUSTO.FORMA DE LA MASA SEMIRREGULAR PORQUE LOS DISTINTOS CRECIMIENTOS HAN DIVIDIDO LA MASA EN LATIZAL Y MONTE BRAVO.CON RUMBO 203 NO ENTRA 026 POR DISTANCIA.CON RUMBO 204 NO ENTRA 026 POR DISTANCIA LATERAL.CON RUMBO 231 NO ENTRA 026 POR DISTANCIA.",20,66,"08/07/03 00:00:00","12/30/99 09:01:18","08/07/03 00:00:00","12/30/99 09:44:15",43,262,11,184,10,62764,32,9,62764,31,10,"D",5,"A1",20,60,26,"0003-08-07",2003,9,NA,NA,NA,NA,NA,NA,NA,NA,NA,NA,NA,"19_2185_A_1_",26,28333.2442883507,222.816920328653,26,NA,NA,28333.2442883507,NA,NA,222.816920328653,NA,NA
"11","19_2197",5804,47345,25,"19_2197_A_1",4722.89350400045,1507.84572010766,10.5311190778343,173.302049144508,0,0,31.8309886183791,0,28.2942121052258,84.8826363156775,28.2942121052258,0,0,27.2523811883047,8.70068027210884,27.8157306397758,9.51388888888889,2197,"A","1",2,3,3,2,30,1,3,NA,NA,NA,NA,2,2,1,"IFN3","19_2197",19,NA,NA,0,1983,"04","3240",1997,"","4-3",2003,60,1,1,2,80,45,1,2,2,2,2,4,"09/10/03 00:00:00","12/30/99 14:00:00",1,2,1,1,7,3,NA,NA,0,0,NA,5,NA,360,0,8,0,2,3,2,"PARCELA ENCONTRADA POR PIES DEL IFN2.LAS TERRAZAS ESTAN POCO  DELIMITADAS Y CASI NO SE DISTINGUEN.CON RUMBOS 125 Y 147 GRADOS PIES NO ENTRAN POR DISTANCIA.EL PIE NUMERO 9 ENTRA POR  CORRECCION DE PENDIENTE.TIENE UN MAYOR CRECIMIENTO PINUS PINASTER QUE PINUS NIGRA.",20,76,"09/10/03 00:00:00","12/30/99 12:46:20","09/10/03 00:00:00","12/30/99 14:11:32",85,262,30,240,10,62784,18,23,62784,17,24,"T",5,"A1",30,60,26,"0003-09-10",2003,9,NA,NA,NA,NA,NA,NA,NA,NA,NA,NA,NA,"19_2197_A_1_",26,105311.190778343,173.302049144508,26,NA,NA,105311.190778343,NA,NA,173.302049144508,NA,NA
"12","19_2200",5808,47350,26,"19_2200_A_1",7862.75761213167,4565.97847848082,9.76903245041648,523.442923946678,0,254.647908947033,95.4929658551372,159.154943091895,14.1471060526129,0,0,0,0,15.0212320243967,8.72297297297297,15.4150936960753,9.96774193548387,2200,"A","1",1,10,3,4,0,NA,NA,NA,NA,NA,NA,3,5,1,"IFN3","19_2200",19,NA,NA,0,1983,"04","5Z39",1997,"","3-4",2003,60,1,1,1,95,70,1,1,1,2,2,4,"08/19/03 00:00:00","12/30/99 13:14:00",1,2,1,1,7,4,NA,NA,0,0,NA,5,NA,343,0,8.5,0,2,3,3,"PARCELA ENCONTRADA POR PIES DEL IFN2.CON RUMBO 75 NO ENTRA PIE POR DIAMETROS. PIE 4 Y 4 FORMAS COMPROBADAS.ENTRAN POR CORRECCION DE PENDIENTE PIES 28, 30, 31 Y 34. CON RUMBO 328 NO ENTRA PIE POR DISTANCIA.CON RUMBO 361 NO ENTRA PIE POR DISTANCIA.CON RUMBO 354 NO ENTRA PIE POR  DIAMETRO.",20,76,"08/19/03 00:00:00","12/30/99 11:39:24","08/19/03 00:00:00","12/30/99 13:21:34",102,262,260,125,7,62766,40,1,62766,39,2,"D",5,"A1",20,60,26,"0003-08-19",2003,9,NA,NA,NA,NA,NA,NA,NA,NA,NA,NA,NA,"19_2200_A_1_",26,97690.3245041648,523.442923946678,26,NA,NA,97690.3245041648,NA,NA,523.442923946678,NA,NA
"13","19_241",5838,47449,26,"19_241_A_1",14117.0434522511,7814.50770581206,18.32425,891.267681314614,0,127.323954473516,509.295817894065,254.647908947033,0,0,0,0,0,15.8392857142857,8.76785714285714,16.1794622901999,10.5,241,"A","1",1,9,3,3,0,NA,NA,NA,NA,NA,NA,2,2,1,"IFN3","19_241",19,NA,NA,0,1983,"04","3244",1997,"","3-3",2003,37,1,1,2,95,70,1,1,1,1,2,4,"07/18/03 00:00:00","12/30/99 09:52:00",1,2,1,1,7,4,NA,NA,0,2,4,3,NA,308,0,7.2,0,2,3,2,"PARCELA ENCONTRADA POR PIES DEL IFN2.PINAR DE REPOBLACION DE PINO PINASTER.10% OCUPACION AL RESTO DE ESPECIES.PIE 9 ENTRA POR PENDIENTE.CON RUMBO 111 NO ENTRA 026 POR DIAM.CON     RUMBO 134 NO ENTRA 026 POR DISTANCIA.CON RUMBO 188 NO ENTRA 026 POR DIAM.PIE 18 ENTRA POR PENDIENTE.CON RUMBO 335 NO ENTRA 026 POR DISTANCIA.CONSIDERO LA MASA DE PLANTACION AUNQUE HE VISTO 2 PINOS EN ESTADO REPOBLADO DE SEMILLA.",20,66,"07/18/03 00:00:00","12/30/99 09:05:54","07/18/03 00:00:00","12/30/99 09:57:03",51,262,167,5,10,353397,10,31,353397,9,32,"D",5,"A1",30,37,26,"0003-07-18",2003,10,183242.5,891.267681314614,26,NA,NA,183242.5,NA,NA,891.267681314614,NA,NA,NA,NA,NA,NA,NA,NA,NA,NA,NA,NA,NA,NA,NA
"14","19_242",5839,47450,26,"19_242_A_1",2707.57925964445,1048.65423614993,4.84731458333333,120.25040144721,0,0,0,63.6619772367581,56.5884242104517,0,0,0,0,22.5161764705882,8.72058823529412,22.6549127901524,8.72058823529412,242,"A","1",1,10,3,2,20,5,4,NA,NA,NA,NA,2,2,1,"IFN3","19_242",19,NA,NA,0,1983,"04","3244",1997,"","3-3",2003,901,1,1,2,75,45,1,1,3,1,2,4,"07/24/03 00:00:00","12/30/99 13:00:00",1,2,1,1,7,1,NA,NA,0,0,NA,5,NA,303,0,5,0,2,3,2,"PARCELA ENCONTRADA POR PIES DEL IFN2.PINCHADA EN PINAR DE PINASTER CERCANO A UN CORTAFUEGOS.CON RUMBO 335 NO ENTRA 026 POR DIAM.HAY PLANTACIONES DE SILVESTRE 100 MTS MAS AL NORTE. NO HAY REGENERACION EN 5 MTS.",20,66,"07/24/03 00:00:00","12/30/99 12:19:06","07/24/03 00:00:00","12/30/99 13:05:57",47,262,310,21,10,353417,32,9,353417,31,10,"D",5,"A1",30,901,26,"0003-07-24",2003,10,48473.1458333333,120.25040144721,26,NA,NA,48473.1458333333,NA,NA,120.25040144721,NA,NA,NA,NA,NA,NA,NA,NA,NA,NA,NA,NA,NA,NA,NA
"15","19_248",5864,47462,26,"19_248_A_1",3076.99556644331,1160.06269631426,6.70848333333333,113.176848420903,0,0,0,0,84.8826363156775,14.1471060526129,14.1471060526129,0,0,27.1875,10.25,27.4718833537128,10.25,248,"A","1",1,10,4,2,20,5,4,NA,NA,NA,NA,2,2,1,"IFN3","19_248",19,NA,NA,0,1983,"04","3245",1997,"","3-3",2003,901,1,1,2,95,50,1,1,3,1,3,4,"07/24/03 00:00:00","12/30/99 10:14:00",1,2,1,2,4,1,NA,NA,0,0,NA,5,NA,40,0,7.8,0,2,3,2,"PARCELA ENCONTRADA POR PIES DEL IFN2.PINCHADA EN PINAR DE REPOBLACION DE SILVESTRE.PIE 2 ENTRA POR PENDIENTE.CON RUMBO 226 NO ENTRA 026 POR DIAM.CON RUMBO 305 NO ENTRA 026 POR PENDIENTE.ALGUN PIE TIENE PROCESIONARIA.EL PIE 7 TIENE EL TRONCO PARTIDO.MARCA DE PINTURA A 220 GRADOS Y 1.8 MTS EN ROCA.",20,66,"07/24/03 00:00:00","12/30/99 09:44:37","07/24/03 00:00:00","12/30/99 10:20:14",36,262,220,112,10,353417,34,7,353417,33,8,"D",5,"A1",35,901,26,"0003-07-24",2003,10,67084.8333333333,113.176848420903,26,NA,NA,67084.8333333333,NA,NA,113.176848420903,NA,NA,NA,NA,NA,NA,NA,NA,NA,NA,NA,NA,NA,NA,NA
"16","19_259",5873,47480,26,"19_259_A_1",11285.853853472,5054.05363729597,22.9679833333333,456.244170196767,0,0,31.8309886183791,127.323954473516,169.765272631355,99.0297423682904,0,28.2942121052258,0,24.7364341085271,11.077519379845,25.3173256238527,12.4375,259,"A","1",1,10,4,2,25,5,4,NA,NA,NA,NA,2,2,1,"IFN3","19_259",19,NA,NA,0,1983,"04","3245",1997,"","3-3",2003,191,1,1,2,90,65,1,1,2,1,2,4,"07/21/03 00:00:00","12/30/99 14:19:00",1,2,1,1,7,5,NA,NA,0,3,4,5,NA,378,0,7.5,0,2,2,2,"PARCELA ENCONTRADA POR PIES DEL IFN2.PINAR DE REPOBLACION DE  PINASTER.CON RUMBO 21,25 Y 30 NO ENTRAN 026 POR DIAM.PIE 8 ENTRA JUSTO POR DISTANCIA.HE VISTO PROCESIONARIA EN ALGUN PINO.PIE 19  ENTRA POR PENDIENTE.",20,66,"07/21/03 00:00:00","12/30/99 13:03:43","07/21/03 00:00:00","12/30/99 14:29:58",86,262,201,93,10,353397,6,35,353397,5,36,"D",5,"A1",35,191,26,"0003-07-21",2003,10,229679.833333333,456.244170196767,26,NA,NA,229679.833333333,NA,NA,456.244170196767,NA,NA,NA,NA,NA,NA,NA,NA,NA,NA,NA,NA,NA,NA,NA
"17","19_262",5875,47487,26,"19_262_A_1",14827.5818537436,7841.03352966071,27.8479916666667,633.082995854428,0,0,31.8309886183791,190.985931710274,339.53054526271,70.7355302630646,0,0,0,23.4212290502793,12.3854748603352,23.6658264335333,13.25,262,"A","1",1,10,4,1,30,1,3,NA,NA,NA,NA,2,2,1,"IFN3","19_262",19,NA,NA,0,1983,"04","3246",1997,"","3-3",2003,191,1,1,2,95,85,1,1,1,1,2,4,"07/10/03 00:00:00","12/30/99 12:29:00",1,2,1,1,7,4,NA,NA,0,3,1,4,NA,264,0,4.2,0,2,1,1,"PARCELA ENCONTRADA POR PIES DEL IFN2.PINAR DE PINASTER EN EL QUE SE VE ALGUN PINO REPOBLADO DE SEMILLA PERO ESCASO DEBIDO PROBABLEMENTE AL DESBROCE MANUAL DE LA ZONA.CON  RUMBO 121 NO ENTRA 026 POR DISTANCIA.CON RUMBO 161 NO ENTRA 026 POR DIAM.LA BIFURCACION DEL PIE 21 LA CONSIDERO RAMA.PIE 34 ENTRA JUSTO.",20,66,"07/10/03 00:00:00","12/30/99 11:34:24","07/10/03 00:00:00","12/30/99 12:32:08",58,262,160,56,10,353397,34,7,353397,33,8,"D",5,"A1",40,191,26,"0003-07-10",2003,10,278479.916666667,633.082995854428,26,NA,NA,278479.916666667,NA,NA,633.082995854428,NA,NA,NA,NA,NA,NA,NA,NA,NA,NA,NA,NA,NA,NA,NA
"18","19_270",5884,47502,26,"19_270_A_1",3168.24440048266,1152.98914328795,8.27504722222222,99.0297423682904,0,0,0,0,28.2942121052258,28.2942121052258,14.1471060526129,28.2942121052258,0,31.9928571428571,11.6428571428571,32.6180110193301,11.6428571428571,270,"A","1",1,10,4,4,0,NA,NA,NA,NA,NA,NA,3,5,1,"IFN3","19_270",19,NA,NA,0,1983,"04","3247",1997,"","3-4",2003,901,1,1,1,100,30,1,1,2,1,3,4,"06/26/03 00:00:00","12/30/99 16:36:00",1,2,1,1,4,2,NA,NA,0,0,NA,5,NA,210,0,11.8,0,3,3,3,"PARCELA ENCONTRADA POR PIES DEL IFN2.ACCESO MUY DIFICIL POR LA ALTURA Y CANTIDAD DE MATORRAL.PIE 3 ENTRA POR PENDIENTE.CON RUMBO 231 NO ENTRA POR DIAM.PIE 5 ENTRA POR PENDIENTE.",20,66,"06/26/03 00:00:00","12/30/99 15:22:04","06/26/03 00:00:00","12/30/99 16:47:29",85,262,365,300,10,353407,40,1,353407,39,2,"D",5,"A1",35,901,26,"0003-06-26",2003,10,82750.4722222222,99.0297423682904,26,NA,NA,82750.4722222222,NA,NA,99.0297423682904,NA,NA,NA,NA,NA,NA,NA,NA,NA,NA,NA,NA,NA,NA,NA
"19","19_271",5885,47503,26,"19_271_A_1",11618.1340068827,6712.80182196483,24.7186229166667,445.633840657307,0,0,31.8309886183791,31.8309886183791,198.059484736581,155.618166578742,28.2942121052258,0,0,26.0710317460317,15.0634920634921,26.5752962174953,15.5625,271,"A","1",1,10,4,4,0,NA,NA,NA,NA,NA,NA,3,5,1,"IFN3","19_271",19,NA,NA,0,1983,"03","3215",1997,"","3-2",2003,901,1,1,2,85,75,1,1,1,1,2,4,"07/08/03 00:00:00","12/30/99 10:31:00",1,2,1,1,7,4,NA,NA,4,1,0,5,NA,122,0,6.2,0,2,1,2,"PARCELA ENCONTRADA POR PIES DEL IFN2.PINAR DE PINASTER EN EL QUE SE HAN REALIZADO LABORES SELVICOLAS.PIE 7 COMPROBADO SU DIAMETRO. PIE 16 ENTRA POR   PENDIENTE.SE HAN ABIERTO VIAS DE SACA.EN ALGUNA ZONA DE LA PARCELA PUEDE VERSE EL MODELO 011 DE COMBUSTIBLE. COMPROBADO",20,66,"07/08/03 00:00:00","12/30/99 09:31:20","07/08/03 00:00:00","12/30/99 10:37:51",67,262,150,285,10,353407,4,37,353407,3,38,"D",5,"A1",35,901,26,"0003-07-08",2003,10,247186.229166667,445.633840657307,26,NA,NA,247186.229166667,NA,NA,445.633840657307,NA,NA,NA,NA,NA,NA,NA,NA,NA,NA,NA,NA,NA,NA,NA
"20","19_274",5888,47506,26,"19_274_A_1",9330.01644169822,3678.24757367936,22.2395555555556,311.236333157484,0,0,0,0,56.5884242104517,183.912378683968,70.7355302630646,0,0,29.9772727272727,11.8181818181818,30.1628911081149,12.375,274,"A","1",1,10,4,4,0,NA,NA,NA,NA,NA,NA,3,5,1,"IFN3","19_274",19,NA,NA,0,1983,"04","3247",1997,"","3-4",2003,901,1,1,2,95,75,1,1,2,1,2,4,"07/08/03 00:00:00","12/30/99 14:03:00",1,2,1,1,7,4,NA,NA,4,4,0,5,NA,356,0,5,0,2,1,2,"PARCELA ENCONTRADA POR PIES DEL IFN2. CON RUMBO 143 NO ENTRA 026 POR DIAM.CON RUMBO 357 NO ENTRA 026 POR DISTANCIA LATERAL. HAY DESBROCE CON DESBROZADORA MANUAL EN LA PARCELA.",20,66,"07/08/03 00:00:00","12/30/99 13:32:51","07/08/03 00:00:00","12/30/99 14:06:53",34,262,273,73,10,353407,2,39,353407,1,40,"D",5,"A1",35,901,26,"0003-07-08",2003,10,222395.555555556,311.236333157484,26,NA,NA,222395.555555556,NA,NA,311.236333157484,NA,NA,NA,NA,NA,NA,NA,NA,NA,NA,NA,NA,NA,NA,NA
"21","19_561",5929,48534,26,"19_561_A_1",4179.05512794186,1622.1071799926,12.0833326666667,119.401575084053,0,0,0,0,28.2942121052258,14.1471060526129,42.4413181578388,14.1471060526129,20.3718327157626,35,13.585308056872,35.895780224348,13.6639784946237,561,"A","1",1,10,4,3,0,NA,NA,NA,NA,NA,NA,2,2,1,"IFN3","19_561",19,NA,NA,0,1983,"03","3355",1997,"","3-1",2003,305,1,1,2,100,70,1,1,2,2,3,4,"07/23/03 00:00:00","12/30/99 11:06:00",1,2,1,1,7,7,NA,NA,4,4,NA,0,NA,268,0,9,0,1,2,2,"PARCELA ENCONTRADA POR FOTOS AEREAS Y PIES MAYORES.
PARCELA PINCHADA EN UNA MASA DE REPOBLACION DE PINOS PINASTER CON  ENEBRO,ENCINA ... Y MATORRAL.
NO DEJO OCUPACION AL RESTO DE SP.
UN PIE A 15.3M Y 73G SE VA POR DISTANCIA.
UN PIE A 16.8M Y 206G SE VA POR DIAMETRO.
UN PIE A 15.4M Y 259G SE VA POR DIAMETRO.
EL PIE N4,N10 Y N11 ENTRAN CON PENDIENTE.
EL PIE N3,N6 Y N8 CALIDAD COMPROBADA.
HAY RESTOS LEÃ‘OSOS RECIENTES PROCEDENTES DE LA   ENTRESACA Y PODA",24,70,"07/23/03 00:00:00","12/30/99 09:47:45","07/23/03 00:00:00","12/30/99 11:24:38",97,53,350,224,10,353401,2,39,353401,1,40,"D",5,"A1",45,305,26,"0003-07-23",2003,10,120833.326666667,119.401575084053,26,NA,NA,120833.326666667,NA,NA,119.401575084053,NA,NA,NA,NA,NA,NA,NA,NA,NA,NA,NA,NA,NA,NA,NA
"22","19_564",5930,48539,26,"19_564_A_1",1092.86394256435,332.456992236404,2.21875833333333,42.4413181578388,0,0,0,0,28.2942121052258,14.1471060526129,0,0,0,25.75,7.83333333333333,25.7997577508007,7.83333333333333,564,"A","1",1,10,4,2,25,7,3,NA,NA,NA,NA,2,2,1,"IFN3","19_564",19,NA,NA,0,1983,"02","3313",1997,"","1-4",2003,305,1,2,2,100,10,1,1,3,2,3,4,"07/16/03 00:00:00","12/30/99 15:35:00",1,2,1,1,7,2,NA,NA,0,0,NA,6,0,297,0,10.2,0,2,2,1,"PARCELA ENCONTRADA POR FOTOS AEREAS Y PIE MAYOR.
PARCELA PINCHADA A 25.1M Y 86G DESDE EL REJON.,TODO INDICADO EN EL CROQUIS.
PARCELA PINCHADA EN UNA MASA DE REPOBLACION DE PINOS  PINASTER.
LE HE SUMADO 10 AÃ‘OS A LA EDAD QUE PONIA EN EL IFN2.
 NO HAY REGENERACION.
EL CODIGO 0101 HACE ALUSION A CISTUS    LAURIFOLIUS.",24,70,"07/16/03 00:00:00","12/30/99 14:39:33","07/16/03 00:00:00","12/30/99 15:52:58",73,53,190,253,8,353401,20,21,353401,19,22,"D",5,"A1",25,305,26,"0003-07-16",2003,10,22187.5833333333,42.4413181578388,26,NA,NA,22187.5833333333,NA,NA,42.4413181578388,NA,NA,NA,NA,NA,NA,NA,NA,NA,NA,NA,NA,NA,NA,NA
"23","19_568",5931,48542,26,"19_568_A_1",18764.1909517088,7897.62195387116,27.5104368055556,1036.2755183539,0,0,477.464829275686,445.633840657307,113.176848420903,0,0,0,0,18.107337883959,7.62116040955631,18.3851079091955,8.1875,568,"A","1",1,10,4,2,30,7,3,NA,NA,NA,NA,2,2,1,"IFN3","19_568",19,NA,NA,0,1983,"02","3314",1997,"","1-2",2003,305,1,1,2,90,60,1,1,3,2,2,4,"07/16/03 00:00:00","12/30/99 12:28:00",1,2,1,1,7,4,NA,NA,0,0,NA,0,NA,281,0,4.2,0,3,3,3,"PARCELA ENCONTRADA POR FOTOS AEREAS Y PIES MAYORES.
PARCELA PINCHADA EN UNA MASA DE REPOBLACION DE PINOS PINASTER.
LA EDAD DE LA MASA HA SIDO ESTIMADA SUMANDO 10 AÃ‘OS A LA DEL IFN2.

UN PIE A 28G Y 10.2M SE VA POR DISTANCIA.
EL PIE N21 ENTRA CON  PENDIENTE.NO HAY REGENERACION. FUERA DE 10M HAY TORVISCO.",24,70,"07/16/03 00:00:00","12/30/99 11:23:50","07/16/03 00:00:00","12/30/99 12:44:16",80,53,205,96,10,353401,22,19,353401,21,20,"D",5,"A1",30,305,26,"0003-07-16",2003,10,275104.368055556,1036.2755183539,26,NA,NA,275104.368055556,NA,NA,1036.2755183539,NA,NA,NA,NA,NA,NA,NA,NA,NA,NA,NA,NA,NA,NA,NA
"24","19_578",5933,48558,26,"19_578_A_1",8662.09619718923,4756.96441019109,12.8168173611111,498.685488354605,0,127.323954473516,127.323954473516,159.154943091895,70.7355302630646,14.1471060526129,0,0,0,17.3698581560284,9.53900709219858,18.0897177996486,10.4848484848485,578,"A","1",1,10,3,4,0,NA,NA,NA,NA,NA,NA,3,5,1,"IFN3","19_578",19,NA,NA,0,1983,"02","3316",1997,"","1-4",2003,288,1,1,2,95,50,1,1,2,2,3,4,"07/14/03 00:00:00","12/30/99 11:21:00",1,2,1,1,11,4,NA,NA,4,4,NA,0,NA,219,0,5,0,3,1,2,"PARCELA ENCONTRADA POR FOTOS AEREAS Y PIES MAYORES.
PARCELA PINCHADA A 33.7M DESDE EL CRUCE VAGUADA-PISTA SIGUIENDO LA VAGUADA,TODO INDICADO EN EL CROQUIS.
PARCELA PINCHADA EN UNA MASA DE REPOBLACION Y REGENERACION NATURAL DE PINO PINASTER. NO DEJO OCUPACION A LAS OTRAS SP.
UN PIE A 6M Y 128G SE VA POR  DIAMETRO.
UN PIE A 11.9M Y 239G SE VA POR  DIAMETRO.
UN PIE A    14.6M Y 259G SE VA POR DIAMETRO.
EL PIE N7 ENTRA CON PENDIENTE. 
EL PIE N9 CALIDAD COMPROBADA.
EN GENERAL LA MASA SE ESTA    RECUPERANDO BIEN.
A MAS DE 5M HAY MAS CANTIDAD DE  REGENERACION.
 FUERA DE 10M HAY BREZO, TORVISCO, ZARZA  Y   LAVANDULA.
HAY UNA ENTRESACA EN LA MASA.
HAY UNA PISTA NUEVA.",24,70,"07/14/03 00:00:00","12/30/99 10:14:02","07/14/03 00:00:00","12/30/99 11:37:39",84,53,323,30,8,353401,32,9,353401,31,10,"D",5,"A1",35,288,26,"0003-07-14",2003,10,128168.173611111,498.685488354605,26,NA,NA,128168.173611111,NA,NA,498.685488354605,NA,NA,NA,NA,NA,NA,NA,NA,NA,NA,NA,NA,NA,NA,NA
"25","19_582",5934,48563,26,"19_582_A_1",8984.29653753749,4196.38533285631,17.9047423611111,364.287980854783,0,0,31.8309886183791,63.6619772367581,183.912378683968,70.7355302630646,14.1471060526129,0,0,24.6626213592233,11.5194174757282,25.0159313316204,11.875,582,"A","1",1,10,4,2,30,7,3,NA,NA,NA,NA,2,2,1,"IFN3","19_582",19,NA,NA,0,1983,"02","3316",1997,"","2-3",2003,288,1,1,2,100,75,1,1,2,2,2,4,"07/31/03 00:00:00","12/30/99 11:47:00",1,2,1,1,11,4,NA,NA,0,3,4,5,0,372,0,5.2,0,2,3,2,"PARCELA ENCONTRADA POR FOTOS AEREAS.

LA EDAD DE LA MASA LA   HE ESTIMADO SUMANDOLE 10 AÃ‘OS A LA CALCULADA EN EL IFN2.
PIE  N11 MEDIDO A 1.1M PARA EVITAR ENSANCHAMIENTO.
UN PIE A 15.15M    REDUCIDA Y 305G SE VA POR DISTANCIA.
UN PIE A 399G Y 10.5M SE VA     POR DISTANCIA.
NO HAY REGENERACION.
HAY RESTOS LEÃ‘OSOS    RECIENTES ESPARCIDOS POR LA PARCELA PROCEDENTES DE LA  ENTRESACA Y LA PODA.",24,70,"07/31/03 00:00:00","12/30/99 10:19:36","07/31/03 00:00:00","12/30/99 12:07:34",108,53,60,358,10,352861,14,27,352861,13,28,"D",5,"A1",30,288,26,"0003-07-31",2003,10,179047.423611111,364.287980854783,26,NA,NA,179047.423611111,NA,NA,364.287980854783,NA,NA,NA,NA,NA,NA,NA,NA,NA,NA,NA,NA,NA,NA,NA
"26","19_591",5939,48576,26,"19_591_A_1",9610.68795222903,3984.95683290001,21.3408355833333,422.432586731022,0,127.323954473516,63.6619772367581,0,70.7355302630646,56.5884242104517,56.5884242104517,42.4413181578388,5.09295817894065,22.7508204956463,9.43335565974548,25.3619161841493,12.9320652173913,591,"A","1",1,9,4,3,0,NA,NA,NA,NA,NA,NA,3,5,1,"IFN3","19_591",19,NA,NA,0,1983,"02","3318",1997,"","2-3",2003,229,1,1,2,95,60,1,1,3,2,2,4,"09/18/03 00:00:00","12/30/99 10:58:00",1,2,1,1,7,3,NA,NA,0,4,0,3,0,185,0,3.2,0,2,3,3,"PARCELA ENCONTRADA POR FOTOS AEREAS Y PIES MAYORES. DEJO UN 10% AL RESTO DE SP. PIE 4 DISTANCIA COMPROBADA. UN PIE A 108 G Y 15,4 M SE VA POR DISTANCIA. EN LA VAGUADA PRINCIPAL HAY CHOPOS. 099 ES MEMBRILLERO.",24,70,"09/18/03 00:00:00","12/30/99 09:23:00","09/18/03 00:00:00","12/30/99 11:09:00",106,53,340,276,10,62778,26,15,62778,25,16,"",5,"A1",40,229,26,"0003-09-18",2003,10,213408.355833333,422.432586731022,26,NA,NA,213408.355833333,NA,NA,422.432586731022,NA,NA,NA,NA,NA,NA,NA,NA,NA,NA,NA,NA,NA,NA,NA
"27","19_593",5940,48578,25,"19_593_A_1",17272.7322961121,8099.2182151209,29.4312854166667,834.679257104162,0,0,254.647908947033,254.647908947033,254.647908947033,70.7355302630646,0,0,0,20.6938559322034,9.70338983050848,21.1884829905465,11.125,593,"A","1",2,1,3,4,0,NA,NA,NA,NA,NA,NA,3,5,1,"IFN3","19_593",19,NA,NA,0,1983,"01","3272",1997,"","2-1",2003,234,1,1,1,100,70,1,1,2,2,3,4,"07/09/03 00:00:00","12/30/99 12:23:00",1,2,1,1,7,4,NA,NA,4,4,0,6,0,325,0,7,0,2,2,2,"PARCELA ENCONTRADA POR FOTOS AEREAS Y PIES TIPO.
PARCELA PINCHADA EN UNA REPOBLACION DE PINASTER CON LARICIO, ENCINA, ENEBROS Y MATORRAL.
NO DEJO OCUPACION A LAS OTRAS SP.
UN PIE A 206G Y 15.15M AL LATERAL SE VA POR DISTANCIA.EL PIE N3 DIAMETROS  COMPROBADOS. 

EL PIE N4 ALTURA COMPROBADA.

EL PIE N13ENTRA  CON PENDIENTE.
EL CODIGO 0101 HACE ALUSION A CISTUS LAUFIFOLIUS.",24,70,"07/09/03 00:00:00","12/30/99 10:49:25","07/09/03 00:00:00","12/30/99 12:34:20",105,53,40,336,10,352856,4,37,352856,3,38,"D",5,"A1",35,234,26,"0003-07-09",2003,10,NA,NA,NA,NA,NA,NA,NA,NA,NA,NA,NA,NA,NA,NA,NA,NA,NA,NA,NA,NA,NA,NA,NA,NA
"28","19_596",5948,48587,26,"19_596_A_1",20185.4445935194,8000.18847275261,27.1622166666667,1297.99698032724,0,413.802852038928,381.971863420549,445.633840657307,56.5884242104517,0,0,0,0,15.5512261580381,6.16348773841962,16.3230316546229,7.76470588235294,596,"A","1",1,10,3,2,30,7,3,NA,NA,NA,NA,2,2,1,"IFN3","19_596",19,NA,NA,0,1983,"01","3272",1997,"","2-1",2003,262,1,1,2,100,85,1,1,3,2,3,4,"08/08/03 00:00:00","12/30/99 10:58:00",1,2,1,1,7,1,NA,NA,0,0,NA,0,NA,170,0,5,0,2,3,2,"PARCELA ENCONTRADA POR FOTOS AEREAS Y PIES MAYORES.
LA EDAD   DE LA MASA LA HE ESTIMADO SUMANDOLE 10 AÃ‘OS AL ESTADILLO DEL     IFN2.

EL PIE N4 CALIDAD,ALTURA Y FORMA COMPROBADA.
EL PIE N5       ALTURA,CALIDAD Y FORMA COMPROBADA.
EL PIE N6 DISTANCIA             COMPROBADA.
UN PIE A 113G Y 8.9M SE VA POR DIAMETRO.
UN PIE A   203G Y 8.5M SE VA POR DIAMETRO.
EL PIE N18 ALTURA Y CALIDAD  COMPROBADA. 
EL PIE N22 ALTURA Y CALIDAD COMPROBADA.
EL PIE  N23 ALTURA, CALIDAD Y DIAMETROS COMRPOBADOS.
EL PIE N26 ALTURA Y CALIDAD COMPROBADA.
EN GENERAL LA MASA NO HA CRECIDO MUCHO; EL SUELO ES MUY POBRE.",24,70,"08/08/03 00:00:00","12/30/99 09:35:06","08/08/03 00:00:00","12/30/99 11:12:41",98,53,295,381,10,62779,30,11,62779,29,12,"D",5,"A1",30,262,26,"0003-08-08",2003,10,271622.166666667,1297.99698032724,26,NA,NA,271622.166666667,NA,NA,1297.99698032724,NA,NA,NA,NA,NA,NA,NA,NA,NA,NA,NA,NA,NA,NA,NA
"29","19_601",5953,48603,26,"19_601_A_1",18674.0031506234,7303.44349966142,26.1319034722222,1202.5040144721,0,509.295817894065,222.816920328653,286.478897565412,155.618166578742,28.2942121052258,0,0,0,15.5292647058824,6.07352941176471,16.6340236457406,8.875,601,"A","1",1,9,3,2,30,7,3,NA,NA,NA,NA,2,2,1,"IFN3","19_601",19,NA,NA,0,1983,"02","3220",1997,"","2-4",2003,182,1,1,2,100,85,1,1,2,2,3,4,"08/07/03 00:00:00","12/30/99 14:07:00",1,2,1,1,7,3,NA,NA,0,0,NA,5,0,191,0,6.8,0,2,2,2,"PARCELA ENCONTRADA POR FOTOS AEREAS Y PIES MAYORES.
PARCELA PINCHADA EN UNA REPOBLACION DE PINOS PINASTER CON ENEBRO, ENCINA Y MATORRAL.
DEJO UN 10% AL RESTO DE SPP.
LA EDAD DE LA MASA LA HE ESTIMADO SUMANDO 10 AÃ‘OS A LA DADA EN EL IFN2.
PIES N1,N2 Y N7 CALIDAD COMPROBADA.
EL PIE N4 ENTRA CON PENDIENTE. EL PIE N18 DISTANCIA COMPROBADA.
EL PIE N33 ENTRA CON PENDIENTE. 
FUERA DE 10M HAY ROSA Y ERICA  ARBOREA.",24,70,"08/07/03 00:00:00","12/30/99 12:43:18","08/07/03 00:00:00","12/30/99 14:26:10",103,53,190,95,10,62779,32,9,62779,31,10,"D",5,"A1",30,182,26,"0003-08-07",2003,10,255618.784722222,1075.18005999858,26,237,NA,255618.784722222,5700.25,NA,1075.18005999858,127.323954473516,NA,NA,NA,NA,NA,NA,NA,NA,NA,NA,NA,NA,NA,NA
"30","19_602",5954,48605,26,"19_602_A_1",14425.4503641981,6359.12417064951,18.5286861111111,951.392882038219,0,381.971863420549,254.647908947033,286.478897565412,28.2942121052258,0,0,0,0,15.1624535315985,6.68401486988848,15.7469853136529,8.3,602,"A","1",1,9,3,2,30,7,3,NA,NA,NA,NA,2,2,1,"IFN3","19_602",19,NA,NA,0,1983,"02","3320",1997,"","2-4",2003,182,1,1,2,70,50,1,1,3,2,3,4,"09/18/03 00:00:00","12/30/99 14:02:00",1,2,1,1,6,2,NA,NA,0,0,NA,5,0,345,0,8.2,0,2,3,3,"PARCELA ENCONTRADA POR FOTOS AEREAS Y PIES MAYORES. DEJO UN 1O% AL RESTO DE SP. PIES 4 Y 15 ENTRAN POR PENDIENTE. UN PIE A 10,1 M Y 284 G SE VA POR DISTANCIA. UN PIE A 16,1 M Y 104 G SE VA POR DIAMETRO. LA EDAD DE LA MASA SE HA CALCULADO SUMANDO 10 AÃ‘OS A LA INDICADA EN EL ESTADILLO DEL IFN2.",24,70,"09/18/03 00:00:00","12/30/99 12:35:00","09/18/03 00:00:00","12/30/99 14:19:00",104,53,75,198,10,62778,24,17,62778,23,18,"",5,"A1",30,182,26,"0003-09-18",2003,10,185286.861111111,951.392882038219,26,NA,NA,185286.861111111,NA,NA,951.392882038219,NA,NA,NA,NA,NA,NA,NA,NA,NA,NA,NA,NA,NA,NA,NA
"31","19_603",5955,48606,26,"19_603_A_1",11053.1339589065,4788.79539880947,18.2018041666667,555.273912565057,0,0,190.985931710274,222.816920328653,99.0297423682904,42.4413181578388,0,0,0,19.9057324840764,8.62420382165605,20.4295425839905,9.6875,603,"A","1",1,10,4,2,35,7,3,NA,NA,NA,NA,2,2,1,"IFN3","19_603",19,NA,NA,0,1983,"02","3320",1997,"","2-4",2003,182,1,1,2,90,70,1,1,3,2,3,4,"09/17/03 00:00:00","12/30/99 11:51:00",1,2,1,1,6,1,NA,NA,0,0,NA,5,0,63,0,10.5,0,3,3,3,"PARCELA ENCONTRADA POR FOTOS AEREAS Y PIES MAYORES. LA EDAD DE LA MASA SE HA CALCULADO SUMANDO 10 AÃ‘OS A LA INDICADA EN EL ESTADILLO DEL IFN2. UN PIE A 246 G Y 14,3 M NO ENTRA POR DIAMETRO. UN PIE A 350 G Y 6,2 M NO ENTRA POR DIAMETRO. PIES 11 Y 15 ENTRAN POR PENDIENTE. FUERA DE 10 M HAY TORVISCO.",24,70,"09/17/03 00:00:00","12/30/99 10:10:00","09/17/03 00:00:00","12/30/99 12:02:00",112,53,257,353,10,62778,30,11,62778,29,12,"",5,"A1",35,182,26,"0003-09-17",2003,10,182018.041666667,555.273912565057,26,NA,NA,182018.041666667,NA,NA,555.273912565057,NA,NA,NA,NA,NA,NA,NA,NA,NA,NA,NA,NA,NA,NA,NA
"32","19_604",5956,48607,26,"19_604_A_1",17178.4772020366,7149.59372133925,26.5155430555556,940.782552498759,0,127.323954473516,318.309886183791,254.647908947033,226.353696841807,14.1471060526129,0,0,0,18.2597744360902,7.59962406015038,18.9435206253803,9.6875,604,"A","1",1,10,4,2,25,7,3,NA,NA,NA,NA,2,2,1,"IFN3","19_604",19,NA,NA,0,1983,"02","3220",1997,"","2-2",2003,262,1,1,2,100,60,1,1,3,2,3,4,"07/30/03 00:00:00","12/30/99 15:07:00",1,2,1,1,7,4,NA,NA,0,0,NA,3,0,212,0,3.2,0,2,2,2,"PARCELA ENCONTRADA POR FOTOS AEREAS Y PIES MAYORES.
PARCELA PINCHADA EN UNA MASA DE REPOBLACION DE PINOS PINASTER.

LA EDAD DE LA MASA LA HE ESTIMADO SUMANDOLE 10 AÃ‘OS A LA DEL IFN2. 
EL PIE N25 CALIDAD COMPROBADA.
EL PIE N33 CALIDAD COMPROBADA. 
UN PIE A 216G Y 13.3M SE VA POR DIAMETRO.
EL CODIGO 0101 HACE ALUSION A CISTUS LAURIFOLIUS.",24,70,"07/30/03 00:00:00","12/30/99 13:54:26","07/30/03 00:00:00","12/30/99 15:22:12",88,53,242,325,10,352861,16,25,352861,15,26,"D",5,"A1",25,262,26,"0003-07-30",2003,10,265155.430555556,940.782552498759,26,NA,NA,265155.430555556,NA,NA,940.782552498759,NA,NA,NA,NA,NA,NA,NA,NA,NA,NA,NA,NA,NA,NA,NA
"33","19_606",5957,48610,26,"19_606_A_1",13529.5848734164,6606.69852657023,19.4713513888889,756.870173814791,0,0,350.14087480217,350.14087480217,56.5884242104517,0,0,0,0,17.8757009345794,8.72897196261682,18.0984928633639,9.80882352941176,606,"A","1",1,7,4,2,30,5,2,NA,NA,NA,NA,2,2,1,"IFN3","19_606",19,NA,NA,0,1983,"02","3321",1997,"","2-4",2003,182,1,1,2,85,70,1,2,3,2,3,4,"06/30/03 00:00:00","12/30/99 11:33:00",1,2,1,1,6,2,NA,NA,0,0,NA,5,0,260,0,8.5,0,2,3,3,"PARCELA ENCONTRADA POR FOTOS AEREAS Y PIES MAYORES.
PARCELA PINCHADA EN UNA MASA DE REPOBLACION DE PINOS PINASTER Y MASA DE REGENERACION NATURAL DE ENCINAS Y ENEBRO CON MUCHO   MATORRAL.

EL PIE N2 ENTRA POR PENDIENTE.
UN PIE (026) A 249 G SE VA POR DISTANCIA LATERAL. TODAS LAS FORMAS ESTAN COMPROBADAS. 
FUERA DE 10 M HAY BRECINA Y TORVISCO.",24,70,"06/30/03 00:00:00","12/30/99 10:14:15","06/30/03 00:00:00","12/30/99 11:47:29",93,53,60,162,10,352856,32,9,352856,31,10,"D",5,"A1",30,182,26,"0003-06-30",2003,10,194713.513888889,756.870173814791,26,NA,NA,194713.513888889,NA,NA,756.870173814791,NA,NA,NA,NA,NA,NA,NA,NA,NA,NA,NA,NA,NA,NA,NA
"34","19_609",5970,48616,26,"19_609_A_1",22962.3446728217,10887.9664957422,29.9936451388889,1542.03455973481,0,636.619772367581,509.295817894065,254.647908947033,99.0297423682904,42.4413181578388,0,0,0,14.8909403669725,7.06077981651376,15.7370248359743,9.875,609,"A","1",1,10,4,2,30,7,3,NA,NA,NA,NA,2,2,1,"IFN3","19_609",19,NA,NA,0,1983,"01","3270",1997,"","2-2",2003,262,1,1,2,100,80,1,1,2,1,3,4,"08/29/03 00:00:00","12/30/99 11:16:00",1,2,1,1,5,2,NA,NA,0,4,0,3,0,148,0,2.5,0,2,2,2,"PARCELA ENCONTRADA POR FOTOS AEREAS Y PIES TIPO.PARCELA   PINCHADA A 120M Y 192G DESDE LA CURVA DE LA CARRETERA,TODO INDICADO EN EL CROQUIS.
EL PIE N11 DISTANCIA COMPROBADA.UN PIE   A 10.7M Y 187G SE VA POR DIAMETRO.
UN PIE A 10.1M Y 146G SE VA POR  DIAMETRO.
UN PIE A 10.05M Y 280G SE VA POR DISTANCIA.

 PIES N27,N28, N29 Y N31 HAN CRECIDO MUCHO DEBIDO A QUE ESTAN EN UN CLARO.
EL  PIE MENOR ESTA DAÃ‘ADO.
LOS DAÃ‘OS DE ALGUN PIE MAYOR SON EN   RAMAS; DESCONOZCO LAS CAUSAS: NO SE VEN BOLSONES DE PROCESIONARIA.",24,70,"08/29/03 00:00:00","12/30/99 09:12:37","08/29/03 00:00:00","12/30/99 11:31:52",139,53,330,262,10,62786,4,37,62786,3,38,"D",5,"A1",30,262,26,"0003-08-29",2003,10,299936.451388889,1542.03455973481,26,NA,NA,299936.451388889,NA,NA,1542.03455973481,NA,NA,NA,NA,NA,NA,NA,NA,NA,NA,NA,NA,NA,NA,NA
"35","19_611",5971,48618,26,"19_611_A_1",9232.40140993519,4016.00973068549,17.5826402777778,399.655745986315,0,0,63.6619772367581,95.4929658551372,183.912378683968,42.4413181578388,14.1471060526129,0,0,23.1008849557522,10.0486725663717,23.6675920089988,11.25,611,"A","1",1,10,4,2,30,7,3,NA,NA,NA,NA,2,2,1,"IFN3","19_611",19,NA,NA,0,1983,"01","3270",1997,"","2-2",2003,262,1,1,2,100,65,1,1,2,2,2,4,"08/12/03 00:00:00","12/30/99 10:51:00",1,2,1,1,5,3,NA,NA,0,4,0,0,NA,134,0,1.5,0,1,2,2,"PARCELA ENCONTRADA POR FOTOS AEREAS Y PIES TIPO.
LA EDAD DE LA MASA LA HE HALLADO SUMANDO 10 AÃ‘OS A LA INDICADA EN EL ESTADILLO DEL IFN2.

UN PIE A 16G Y 12.8M SE VA POR DIAMETRO.
UN PIE A 228G Y 15.02M SE VA POR DISTANCIA.
FUERA DE 10M HAY ZARZA.
HAY JUNCOS EN LA PARCELA.",24,70,"08/12/03 00:00:00","12/30/99 09:34:07","08/12/03 00:00:00","12/30/99 11:02:04",88,53,227,162,10,62779,20,21,62779,19,22,"D",5,"A1",30,262,26,"0003-08-12",2003,10,175826.402777778,399.655745986315,26,NA,NA,175826.402777778,NA,NA,399.655745986315,NA,NA,NA,NA,NA,NA,NA,NA,NA,NA,NA,NA,NA,NA,NA
"36","19_613",5972,48621,26,"19_613_A_1",4412.83605546128,1819.67151601734,8.68892777777778,190.985931710274,0,0,63.6619772367581,14.1471060526129,70.7355302630646,28.2942121052258,14.1471060526129,0,0,23.1055555555556,9.52777777777778,24.0678593117845,12.1875,613,"A","1",1,6,4,2,30,7,3,NA,NA,NA,NA,2,2,1,"IFN3","19_613",19,NA,NA,0,1983,"02","3321",1997,"","2-2",2003,262,1,1,2,90,50,1,3,3,2,3,4,"08/28/03 00:00:00","12/30/99 10:49:00",1,2,1,1,7,1,NA,NA,0,0,NA,5,0,263,0,8.5,0,2,3,3,"PARCELA ENCONTRADA POR FOTOS AEREAS Y PIES MAYORES.

ELPIE N4   ENTRA POR PENDIENTE.
EL PIE N6 ENTRA POR PENDIENTE.
EL PIE N7 Y N8 CALIDAD Y FORMA COMPROBADA.
EL PIE N9 ENTRA POR PENDIENTE. 

FUERA DE10M HAY GAYUBA,ZARZA Y CANTUESO.
19,SUBPISO ENEBRO.",24,70,"08/28/03 00:00:00","12/30/99 09:30:32","08/28/03 00:00:00","12/30/99 11:01:55",91,53,220,318,10,62786,8,33,62786,7,34,"D",5,"A1",30,262,26,"0003-08-28",2003,10,75659.0277777778,127.323954473516,26,45,NA,75659.0277777778,11230.25,NA,127.323954473516,63.6619772367581,NA,NA,NA,NA,NA,NA,NA,NA,NA,NA,NA,NA,NA,NA
"37","19_616",5981,48629,26,"19_616_A_1",16158.4708556432,7441.3777836744,31.4374291666667,679.06109052542,0,0,95.4929658551372,159.154943091895,254.647908947033,169.765272631355,0,0,0,23.7953125,10.9583333333333,24.2786283977287,11.875,616,"A","1",1,9,4,2,35,1,3,NA,NA,NA,NA,2,2,1,"IFN3","19_616",19,NA,NA,0,1983,"01","3268",1997,"","1-1",2003,37,1,1,2,100,70,1,1,2,2,3,4,"07/02/03 00:00:00","12/30/99 14:45:00",1,2,1,1,7,3,NA,NA,0,4,0,5,0,208,0,6.2,0,2,2,3,"PARCELA ENCONTRADA POR FOTOS AEREAS Y PIES MAYORES.
PARCELA PINCHADA EN UNA REPOBLACION DE PINOS PINASTER CON ENEBROS Y ENCINAS.PARCELA PINCHADA A 240M DESDE EL CLARO Y DESDE EL BORDE DE LA MASA 40M A 20G,TODO INDICADO EN EL CROQUIS. DEJO UN 10% AL RESTO DE SPP.
UN PIE A 152G Y 15.1M REDUCIDA SE VA POR    DISTANCIA.
UN PIE A 260G Y 15.25M AL LATERAL SE VA POR DISTANCIA. 
TODAS LAS FORMAS COMPROBADAS.EL PIE N18 ENTRA CON LA PENDIENTE. 
EL CODIGO 0101 HACE ALUSION A CISTUS LAURIFOLIUS. 
FUERA DE 10M HAY CYTISUS SPP.",24,70,"07/02/03 00:00:00","12/30/99 12:48:14","07/02/03 00:00:00","12/30/99 14:59:20",131,53,255,343,10,352856,22,19,352856,21,20,"D",5,"A1",35,37,26,"0003-07-02",2003,10,314374.291666667,679.06109052542,26,NA,NA,314374.291666667,NA,NA,679.06109052542,NA,NA,NA,NA,NA,NA,NA,NA,NA,NA,NA,NA,NA,NA,NA
"38","19_617",5982,48630,26,"19_617_A_1",9811.19488631272,3494.33519499539,18.7526756944444,417.339628552081,0,0,31.8309886183791,159.154943091895,155.618166578742,70.7355302630646,0,0,0,23.5088983050847,8.3728813559322,23.9189366331578,9.25,617,"A","1",1,10,4,2,35,1,3,NA,NA,NA,NA,2,2,1,"IFN3","19_617",19,NA,NA,0,1983,"01","3268",1997,"","1-1",2003,37,1,1,2,100,70,1,1,3,2,3,4,"07/02/03 00:00:00","12/30/99 11:21:00",1,2,1,1,7,3,NA,NA,0,4,0,5,0,387,0,1.5,0,2,2,2,"PARCELA ENCONTRADA POR FOTOS AEREAS Y PIES MAYORES.
PARCELA PINCHADA EN UNA REPOBLACION DE PINOS PINASTER.
PARCELA   PINCHADA A 228G Y 12.6M DESDE EL REJON A UN ENEBRO DE MONTE  BRAVO,TODO INDICADO EN EL CROQUIS.
NO DEJO OCUPACION AL RESTO DE SPP.
UN PIE 12.7M Y 263G SE VA JUSTO POR DIAMETRO.TODAS LAS  FORMAS COMPROBADAS. 
EL CODIGO 0101 HACE ALUSION A CISTUS     LAURIFOLIUS.

HAY RESTOS LEÃ‘OSOS ESPARCIDOS POR EL SUELO PROCEDENTES DE RESTOS DE PODA. 
HAY ALGUN TOCON PERO POCO  SIGNIFICATIVO.",24,70,"07/02/03 00:00:00","12/30/99 09:52:00","07/02/03 00:00:00","12/30/99 11:36:15",104,53,260,372,10,352856,24,17,352856,23,18,"D",5,"A1",35,37,26,"0003-07-02",2003,10,187526.756944444,417.339628552081,26,NA,NA,187526.756944444,NA,NA,417.339628552081,NA,NA,NA,NA,NA,NA,NA,NA,NA,NA,NA,NA,NA,NA,NA
"39","42_1858",17938,140962,26,"42_1858_A_3C",9155.63701640894,5164.577903332,10.1549419709803,700.281749604339,0,509.295817894065,31.8309886183791,159.154943091895,0,0,0,0,0,13.0742190862205,7.375,13.5880575713852,8.54166666666667,1858,"A","3C",1,6,4,3,NA,NA,NA,NA,NA,NA,NA,3,5,1,"IFN3","42_1858",42,NA,NA,0,1984,"K","0011",2000,"","2-4 ",2004,NA,1,1,1,60,60,1,3,NA,NA,NA,NA,"","",NA,NA,NA,NA,NA,NA,NA,NA,NA,NA,NA,NA,NA,225,NA,0.8,NA,1,1,2,"ENCONTRADO REJON POR FOTOGRAFIA AEREA Y RUMBO Y DISTANCIA A PIES DE IFN2. PARCELA CLASIFICADA A3C EN CAMPO POR COGER SU RADIO DOS TESELAS DISTINTAS. RESTO SP. SOLO PRESENTES.
42,COMPOBADOS DIAMETROS PIE 2.
42,COMPROBADA FORMA PIE 5.9.10.11.12
42,PIES 15 Y 16 CHASPADOS. DIAMETRO DEL PIE 15 MEDIDO A 1MT.
42,A 393G. Y 8.7MTS. UN PINO NO ENTRA POR POCOS MM. DE DIAMETRO. NO HAY REGENERACION DE PINO. REGENERACION ABUNDANTE DE REBOLLO EN LAS 4 CATEGORIAS. SE ESTA EFECTUANDO UNA CLARA FUERTE EN REBOLLOS.
42,",9,990,"01/15/04 11:02:22","","01/15/04 12:31:25","",NA,420,NA,NA,NA,NA,NA,NA,NA,NA,NA,"T",99,"A3C",27,144,26,"0004-01-15",2004,12,NA,NA,NA,NA,NA,NA,NA,NA,NA,NA,NA,"42_1858_A_3C_",26,67152.3727432608,318.309886183791,26,43,NA,67152.3727432608,34397.046966542,NA,318.309886183791,381.971863420549,NA
"41","42_1890",17948,141033,26,"42_1890_A_3C",6655.14109828425,3439.22042766542,11.177048958089,399.655745986315,0,254.647908947033,0,31.8309886183791,42.4413181578388,42.4413181578388,28.2942121052258,0,0,16.6521841988283,8.60545722713864,18.8701609864869,11.7083333333333,1890,"A","3C",1,7,4,4,NA,NA,NA,NA,NA,NA,NA,1,1,1,"IFN3","42_1890",42,NA,NA,0,1984,"K","0012",2000,"","2-4 ",2004,NA,1,1,1,60,60,1,3,NA,NA,NA,NA,"","",NA,NA,NA,NA,NA,NA,NA,NA,NA,NA,NA,NA,NA,390,NA,0.8,NA,1,1,1,"ENCONTRADO REJON POR SITUACION CON FOTOGRAFIA AEREA Y RUMBO Y DISTANCIA A PIES DE IFN2. EL SUBPISO LO FORMA EL REBOLLO CON PINOS.
42,LA PARCELA SE HA CLASIFICADO A3C EN CAMPO, POR COGER SU RADIO UN CORTAFUEGOS NO TESELADO, QUE DEBERIA ESTARLO, AL TENER ENTIDAD SUFICIENTE PARA SER TESELA PROPIA.
42,COMPROBADO DIAMETRO PIES: 2 Y 19.
42,LOS PIES 2 Y 18, ESTAN DOMINADOS.
42,NO HAY REGENERACION DE PINO EN 5MTS. DE RADIO.
42,REGENERACION DE REBOLLO: 
42,CATEGORIA 4: 7 PIES MENORES.
42,CATEGORIAS 3,2 Y 1 ABUNDANTE. 
42,TIPO DE CORTA DE REGENERACION: ENTRESACA REGULARIZADA.
42,",9,990,"02/10/04 11:48:54","","02/10/04 13:17:29","",NA,420,NA,NA,NA,NA,NA,NA,NA,NA,NA,"T",99,"A3C",32,71,26,"0004-02-10",2004,12,NA,NA,NA,NA,NA,NA,NA,NA,NA,NA,NA,"42_1890_A_3C_",26,90517.9270019565,145.007837039282,26,43,NA,90517.9270019565,21252.5625789332,NA,145.007837039282,254.647908947033,NA
"43","42_1902",17954,141059,26,"42_1902_A_3C",4256.87062584685,1903.66995820473,5.92113815571316,251.111132433879,0,0,127.323954473516,95.4929658551372,28.2942121052258,0,0,0,0,16.9521382209836,7.58098591549296,17.3270517800425,8.09285714285714,1902,"A","3C",1,7,4,3,NA,NA,NA,NA,NA,NA,NA,3,5,1,"IFN3","42_1902",42,NA,NA,0,1984,"K","0012",2000,"","2-4 ",2004,NA,1,1,2,70,70,1,3,NA,NA,NA,NA,"","",NA,NA,NA,NA,NA,NA,NA,NA,NA,NA,NA,NA,NA,380,NA,0.2,NA,2,1,1,"ENCONTRADO REJON POR FOTOGRAFIA AEREA Y PIES TIPO.
42,EL SUBPISO LO FORMA EL REBOLLO CON PINOS. PARCELA A3C, AL ESTAR EL CRUCE DE COORDENADAS EN TESELA DISTINTA (CORTAFUEGOS), QUE LA PARCELA DE IFN2.
42,A 10.3MTS. Y 15G., UN PINO NO ENTRA POR POCOS MM. DE DIAMETRO.
42,A 15MTS. Y 71G., UN PINO NO ENTRA POR DISTANCIA LATERAL.
42,COMPROBADOS DIAMETROS DE LOS PIES: 1,12,20 Y 21.
42,LOS PIES 19 Y 20, TIENEN COMPROBADA LA DISTANCIA LATERAL.
42,COMPROBADA DISTANCIA AL FRENTE PIES 24 Y 25.
42,PIES 24,25,26,27 Y 29, DANADOS POR LA MAQUINARIA UTILIZADA, PARA LA APERTURA DE UN CORTAFUEGOS, ESTOS PIES ESTAN EN BORDE DE MASA CON EL CORTAFUEGOS,
42,TENIENDO PARTE DE SUS RAICES AL DESCUBIERTO.
42,REGENERACION ESCASA DE PINO EN CATEGORIAS 1,2 Y 3.
42,REGENERACION DE REBOLLO:
42,CATEGORIA 4: 19 PIES.
42,CATEGORIA 3: NORMAL.
42,CATEGORIAS 1 Y 2 ABUNDANTE.
42,MATORRAL: GAYUBA, BRECINA, LAVANDA Y TOMILLO.
42,
42,",9,990,"01/30/04 14:32:36","","01/30/04 16:24:35","",NA,420,NA,NA,NA,NA,NA,NA,NA,NA,NA,"T",99,"A3C",27,144,26,"0004-01-30",2004,12,NA,NA,NA,NA,NA,NA,NA,NA,NA,NA,NA,"42_1902_A_3C_",26,59211.3815571316,251.111132433879,26,NA,NA,59211.3815571316,NA,NA,251.111132433879,NA,NA
"44","42_1927",17958,141107,26,"42_1927_A_3C",3025.99807594895,1633.6960177007,4.77287247056849,155.618166578742,0,0,63.6619772367581,63.6619772367581,14.1471060526129,14.1471060526129,0,0,0,19.4450181651369,10.4981060606061,19.7612688760607,10.7119047619048,1927,"A","3C",1,8,3,4,NA,NA,NA,NA,NA,NA,NA,1,1,1,"IFN3","42_1927",42,NA,NA,0,1984,"L","0012",2000,"","4-2 ",2004,NA,1,1,1,70,60,1,2,NA,NA,NA,NA,"","",NA,NA,NA,NA,NA,NA,NA,NA,NA,NA,NA,NA,NA,80,NA,0.2,NA,1,1,2,"ENCONTRADO REJON POR FOTOGRAFIA AEREA Y RUMBO Y DISTANCIA A PIES DE IFN2.
42,PARCELA CLASIFICADA A3C EN CAMPO, POR COGER PARTE DE SU RADIO OTRA TESELA DISTINTA A LA QUE CONTIENE SU CENTRO (CORTAFUEGOS).
42,EL ENEBRO Y MAJUELO, SOLO PRESENTES.
42,PIE 14, DOMINADO, CON LA GUIA SECA.
42,A 5,1MTS. Y 119G. UN REBOLLO NO ENTRA POR POCOS MM. DE DIAMETRO.
42,PIE 21, INCLINADO 50G.
42,AUNQUE EL ORIGEN DE LOS PINOS ES ARTIFICIAL, ACTUALMENTE ESTA TOTALMENTE NATURALIZADA SIENDO LA MASA  IRREGULAR CON DISTINTAS CLASES DIAMETRICAS Y REGENERACION NATURAL.
42,A 14,9MTS. Y 315G. UN PINO NO ENTRA POR DISTANCIA LATERAL.
42,PIE 26, GUIA SECA POR HELADAS.
42,EL PIE 27, TIENE MEDIDO EL DIAMETRO POR ENCIMA DE 1,30MTS.
42,
42,
42,[PIES MAYORES]",9,990,"02/25/04 13:01:48","","02/25/04 14:30:22","",NA,420,NA,NA,NA,NA,NA,NA,NA,NA,NA,"T",99,"A3C",32,71,26,"0004-02-25",2004,12,NA,NA,NA,NA,NA,NA,NA,NA,NA,NA,NA,"42_1927_A_3C_",26,33800.7248850896,91.956189341984,26,43,NA,33800.7248850896,13927.9998205953,NA,91.956189341984,63.6619772367581,NA
"46","42_1928",17966,141111,26,"42_1928_A_3C",4908.23242273487,2326.60948290263,7.15948683718434,268.795014999645,0,0,127.323954473516,127.323954473516,14.1471060526129,0,0,0,0,18.2601318805758,8.65570175438597,18.4155800078228,9.24462365591398,1928,"A","3C",1,7,4,3,NA,NA,NA,NA,NA,NA,NA,3,5,1,"IFN3","42_1928",42,NA,NA,0,1984,"L","0012",2000,"","4-2 ",2004,NA,1,1,2,70,70,1,3,NA,NA,NA,NA,"","",NA,NA,NA,NA,NA,NA,NA,NA,NA,NA,NA,NA,NA,210,NA,4,NA,1,1,1,"ENCONTRADO REJON POR FOTOGRAFIA AEREA Y RUMBO Y DISTANCIA A PIES DE IFN2.
42,EL SUBPISO LO FORMA EL REBOLLO CON PINOS, POR LA PRESENCIA IMPORTANTE DE REBOLLO EN MONTE BRAVO.
42,SE RESPETA EL RUMBO DE LOS DOS ULTIMOS PIES DE IFN2., POR NO ALTERAR EL ORDEN DE LA PARCELA.
42,COMPROBADA HT. DE LOS PIES: 1,2 Y 13.
42,COMPROBADA FORMA DE LOS PIES: 1,2,3 Y 13.
42,LOS DANOS EN EL PIE 12, PRODUCIDOS POR EL HOMBRE, POR PODAS MAL EFECTUADAS.
42,SE HA REALIZADO UNA CLARA SELECTIVA, PERMANECIENDO EL DESRRAME SIN RECOGER.
42,NO SE OBSERVA REGENERACION DE PINO EN 5MTS. DE RADIO.
42,REGENERACION ABUNDANTE DE REBOLLO EN CATEGORIAS 2 Y 1.
42,
42,",9,990,"02/26/04 13:07:08","","02/26/04 14:25:22","",NA,420,NA,NA,NA,NA,NA,NA,NA,NA,NA,"T",99,"A3C",32,20,26,"0004-02-26",2004,12,NA,NA,NA,NA,NA,NA,NA,NA,NA,NA,NA,"42_1928_A_3C_",43,37139.2499003268,159.154943091895,43,26,NA,37139.2499003268,34455.6184715166,NA,159.154943091895,109.64007190775,NA
"48","42_1980",17970,141218,26,"42_1980_A_3C",10997.7908431764,7818.49247401688,13.8765287761202,807.941226664724,0,636.619772367581,0,95.4929658551372,70.7355302630646,0,0,0,5.09295817894065,13.6121174167292,9.67705597385163,14.7878690093959,11.814279456855,1980,"A","3C",1,8,4,3,NA,NA,NA,NA,NA,NA,NA,3,5,1,"IFN3","42_1980",42,NA,NA,0,1984,"L","0012",2000,"","4-2 ",2004,NA,1,1,2,90,60,1,2,NA,NA,NA,NA,"","",NA,NA,NA,NA,NA,NA,NA,NA,NA,NA,NA,NA,NA,60,NA,1.2,NA,1,1,2,"ENCONTRADO REJON POR FOTOGRAFIA AEREA Y RUMBO Y DISTANCIA A PIES DE IFN2. RESTO DE SP. SOLO PRESENTES.
42,COMPROBADO DIAMETRO PIES 13 Y 14.
42,REGENERACION ESCASA DE PINO, ENCINA Y ENEBRO Y ABUNDANTE DE REBOLLO.
42,SE HA REALIZADO UNA CLARA ELECTIVA Y UN CLAREO MEDIO EN MONTE BRAVO.
42,LA CLARA EN PINOS Y REBOLLOS.
42,EL CLAREO EN REBOLLOS.
42,DESRAME DISPERSO SIN RECOGER.
42,",9,990,"03/18/04 10:22:59","","03/18/04 11:43:21","",NA,420,NA,NA,NA,NA,NA,NA,NA,NA,NA,"T",99,"A3C",29,20,26,"0004-03-18",2004,12,NA,NA,NA,NA,NA,NA,NA,NA,NA,NA,NA,"42_1980_A_3C_",26,79043.0873791645,171.321454297142,26,43,NA,79043.0873791645,59722.2003820377,NA,171.321454297142,636.619772367581,NA
"50","44_1589",18187,149277,26,"44_1589_A_3C",379.434087892463,112.533798145785,0.799272667443232,14.1471060526129,0,0,0,0,14.1471060526129,0,0,0,0,26.8206152185014,7.95454545454545,26.8206152185014,7.95454545454545,1589,"A","3C",1,9,4,2,35,7,4,NA,NA,NA,NA,2,2,1,"IFN3","44_1589",44,NA,NA,0,1985,"J","0012",1997,"","2-2 ",2005,NA,1,1,2,70,35,1,1,NA,NA,NA,NA,"","",NA,NA,NA,NA,NA,NA,NA,NA,NA,NA,NA,NA,NA,160,NA,8,NA,1,1,1,"ENCONTRADO EL REJON POR EL PIE DEL IFN2. EDAD ESTIMADA A PARTIR DE LOS DATOS DEL IFN2. 10% RESTO DE ESPECIES. PIE 3 ENTRA POR PENDIENTE.
44,DE MATORRAL HAY GENISTA, ROSA, TOMILLO Y R. SAXATILIS.
44,DE ROCOSIDAD HAY UN 4. DE REGENERACION HAY ENEBRO COMUN Y OXYCEDRO.  HAY PODAS VIEJAS EN LOS PINOS.",12,990,"02/18/05 11:43:18","","02/18/05 12:31:35","",NA,440,NA,NA,NA,NA,NA,NA,NA,NA,NA,"T",99,"A3C",36,216,26,"0005-02-18",2005,11,NA,NA,NA,NA,NA,NA,NA,NA,NA,NA,NA,"44_1589_A_3C_",26,7992.72667443232,14.1471060526129,26,NA,NA,7992.72667443232,NA,NA,14.1471060526129,NA,NA
"51","44_1615",18198,149334,25,"44_1615_A_1",14644.9073468392,6911.56866200404,20.6886465277778,908.95156388038,0,286.478897565412,413.802852038928,95.4929658551372,56.5884242104517,14.1471060526129,42.4413181578388,0,0,16.1118677042802,7.60389105058366,17.02357343595,8.3625,1615,"A","1",1,7,3,3,NA,NA,NA,NA,NA,NA,NA,3,5,1,"IFN3","44_1615",44,NA,NA,0,1985,"K","0015",1997,"","2-4 ",2004,NA,1,1,1,90,85,1,2,2,1,2,4,"","",1,2,1,1,2,2,NA,NA,0,3,4,3,NA,115,NA,0.8,NA,1,1,1,"ENCONTRADO EL REJON POR LOS PIES DEL IFN2. LA PARCELA ESTA PINCHADA EN UNA REPOBLACION DE HACE 35 ANOS, SEGUN LOS DATOS DEL IFN2., DONDE AHORA HAY UNA MASA SEMIRREGULAR. HAY ALGUN PINASTER QUE YA ESTABA ANTES DE LA REPOBLACION. A 165 G. Y 5 M. NO ENTRA 025 POR DISTANCIA.
44,A 188 G. Y 10 M. NO ENTRA 025 POR DISTANCIA. A 230 G. Y 5 M. NO ENTRA 025 POR DISTANCIA. A 251 G. Y 10 M. NO ENTRA 025 POR DISTANCIA. [RIESGOS] LOS RESTOS DE LAS CORTAS ESTAN EN HILERAS, POSIBLEMENTE PARA PASAR LA TRITURADORA. [SELVICULTURA] EL SUBSOLADO ES MUY ANTIGUO Y SE HIZO PARA LA REPOBLACION.",12,990,"12/21/04 10:49:42","","12/21/04 12:16:54","",NA,440,95,280,12,422000,24,16,422000,25,15,"T",99,"A1",35,263,26,"0004-12-21",2004,10,113624.625,732.112738222719,25,26,NA,113624.625,93261.8402777778,NA,732.112738222719,176.838825657661,NA,NA,NA,NA,NA,NA,NA,NA,NA,NA,NA,NA,NA,NA
"52","44_164",18216,149399,26,"44_164_A_1",13420.3895359895,4857.28025310962,25.2771587666418,601.252007236049,0,0,190.985931710274,127.323954473516,127.323954473516,127.323954473516,28.2942121052258,0,0,22.3207396806588,8.07860962566845,23.1361407580422,10.5852272727273,164,"A","1",1,9,4,1,45,7,4,NA,NA,NA,NA,2,2,1,"IFN3","44_164",44,NA,NA,0,1984,"J","7478",1997,"","2-1 ",2005,NA,1,1,2,90,70,1,1,2,2,2,4,"","",1,2,1,4,9,5,NA,NA,0,0,NA,0,NA,172,NA,10,NA,2,2,3,"REJON LOCALIZADO CON FOTOS AEREAS Y PIES IFN2.
44,[IDENTIFICACIÃ“N Y CLASIFICACIÃ“N] EL 10% RESTANTE DE FCCT ES DEL CAMINO.
44,[CLAESP. RESTO DE ESPECIES=10%] MAJUELO Y ENCINA. LAS UMBRIAS ESTAN REPOBLADAS CON P.PINASTER Y LAS SOLANAS CON P. HALEPENSIS.
44,[PIESMAY 008-026] PIE INCLINADO 55 GRADOS CENTESIMALES.
44,[PIESMAY 009-026] DISTANCIA COMPROBADA.
44,[PIESMAY 011-026] FORMA COMPROBADA.
44,[PIESMAY 018-026] DISTANCIA Y HT COMPROBADAS.
44,[PIESMAY 019-026] DISTANCIA COMPROBADA.
44,[PIESMAY 021-026] HT COMPROBADA.
44,[PIESMAY 022-026] DISTANCIA COMPROBADA.
44,[PIESMAY 029-026] ENTRA POR DISTANCIA REDUCIDA. DISTANCIA COMPROBADA.
44,[MATORRAL] HAY RUBIA PEREGRINA Y STAEHELINA DUBIA. HAY MADRESELVA EN LAS PROXIMIDADES.
44,",13,990,"02/14/05 10:22:15","","02/14/05 12:46:37","",NA,441,280,80,10,403752,16,24,403752,17,23,"T",99,"A1",43,50,26,"0005-02-14",2005,11,NA,NA,NA,NA,NA,NA,NA,NA,NA,NA,NA,"44_164_A_1_",26,252771.587666418,601.252007236049,26,NA,NA,252771.587666418,NA,NA,601.252007236049,NA,NA
"53","44_168",18226,149496,26,"44_168_A_1",7389.73952608778,2996.45351948468,9.23021048525822,477.464829275686,0,127.323954473516,254.647908947033,95.4929658551372,0,0,0,0,0,15.4770342713997,6.27575757575758,15.6888159614916,7.13636363636364,168,"A","1",1,9,3,1,40,7,4,NA,NA,NA,NA,2,2,1,"IFN3","44_168",44,NA,NA,0,1984,"J","7480",1997,"","1-2 ",2005,NA,1,1,2,75,65,1,1,3,2,3,4,"","",1,2,1,1,9,3,NA,NA,0,3,NA,0,NA,85,NA,4.5,NA,2,2,2,"REJON LOCALIZADO CON  FOTOS AEREAS Y PIES IFN2.
44,LE FCCT ES LA CORRECTA, PORQUE PASA UN CAMINO.
44,LA EDAD SE ESTIMA TENIENDO EN CUENTA LOS DATOS DEL IFN2.
44,[PIESMAY 002-026] FORMA COMPROBADA.
44,[PIESMAY 004-026] FORMA COMPROBADA.
44,[PIESMAY 013-026] FORMA COMPROBADA.
44,[PIESMAY 017-026] FORMA COMPROBADA.
44,[PIESMAY 018-026] FORMA COMPROBADA.
44,[ESPECIES PRESENTES] EN LOS ALREDEDORES HAY MAJUELO.",13,990,"02/11/05 15:40:24","","02/11/05 16:44:03","",NA,441,350,150,10,403752,14,26,403752,15,25,"T",99,"A1",41,50,26,"0005-02-11",2005,11,NA,NA,NA,NA,NA,NA,NA,NA,NA,NA,NA,"44_168_A_1_",26,92302.1048525822,477.464829275686,26,NA,NA,92302.1048525822,NA,NA,477.464829275686,NA,NA
"54","44_317",18463,151284,25,"44_317_A_1",9693.71986335931,5512.70924602443,15.0964383119874,512.832594407218,0,0,222.816920328653,190.985931710274,70.7355302630646,28.2942121052258,0,0,0,18.9023084122885,10.7495297805643,19.3599618700028,11.0687960687961,317,"A","1",2,4,4,2,40,7,4,NA,NA,NA,NA,2,2,1,"IFN3","44_317",44,NA,NA,0,1984,"M","7815",1997,"","3-4 ",2005,NA,1,1,2,95,70,1,2,3,2,2,4,"","",1,1,1,1,9,3,NA,NA,0,3,4,5,NA,275,97,7,6.5,2,2,2,"PARCELA LOCALIZADA POR LAS FOTOS AEREAS Y LOS PIES MAYORES DEL IFN2. 
44,PIE 3 DISTANCIA COMPROBADA.
44,025 A 395G NO ENTRA POR DISTANCIA LATERAL (15.2M).
44,[ESPECIES PRESENTES] EN LOS ALREDEDORES DE LA PARCELA HAY SP 237.",19,990,"04/27/05 10:34:26","","04/27/05 12:27:41","",NA,442,290,0,10,226734,16,24,226734,17,23,"T",99,"A1",41,155,26,"0005-04-27",2005,11,NA,NA,NA,NA,NA,NA,NA,NA,NA,NA,NA,"44_317_A_1_",25,81308.4597972041,314.773109670637,25,26,NA,81308.4597972041,69655.9233226701,NA,314.773109670637,198.059484736581,NA
